"","...1","id","satellite","satellite_nssdc_id","satellite_operating_agency","sensor","orbit","start_dt","stop_dt","filename","process_dt","process_algorithm","process_algorithm_version","load_dt","temp_kelvin","power","confidence","datetime","age_hours","australian_state","lon","lat","date","obsTime","year"
"1",16082,43180675,"AQUA","2002-022A","NASA","MODIS",-1,"2021/10/09 03:38:34+00","2021/10/09 03:50:00+00","Aqua20211009T033834Z20211009T035000Zhotspots.txt",NA,"MOD14","6.2.1",NA,312.3,102.8,43,"2021/10/09 03:40:07+00",9064,"VIC",141.854,-37.439,2021-10-09,2021-10-09 03:40:07,"2021-2022"
"2",16083,43180676,"AQUA","2002-022A","NASA","MODIS",-1,"2021/10/09 03:38:34+00","2021/10/09 03:50:00+00","Aqua20211009T033834Z20211009T035000Zhotspots.txt",NA,"MOD14","6.2.1",NA,313.7,107,52,"2021/10/09 03:40:07+00",9064,"VIC",141.85,-37.442,2021-10-09,2021-10-09 03:40:07,"2021-2022"
"3",16084,43272958,"NOAA 20","2017-073A","NOAA","VIIRS",20200,"2021/10/12 04:13:16+00","2021/10/12 04:31:44+00","J0120211012T041316Z20211012T043144Zhotspots.txt",NA,"AFMOD","6",NA,378.55,101,100,"2021/10/12 04:18:57+00",8991,"VIC",141.266,-37.7284,2021-10-12,2021-10-12 04:18:57,"2021-2022"
"4",16085,43273531,"NOAA 20","2017-073A","NOAA","VIIRS",20200,"2021/10/12 04:13:16+00","2021/10/12 04:31:44+00","J0120211012T041316Z20211012T043144Zhotspots.txt",NA,"AFIMG","6",NA,350.86,101.2,8,"2021/10/12 04:18:57+00",8991,"VIC",141.2686,-37.7298,2021-10-12,2021-10-12 04:18:57,"2021-2022"
"5",16086,43275309,"NOAA 20","2017-073A","NOAA","VIIRS",20200,"2021/10/12 04:13:16+00","2021/10/12 04:27:29+00","J0120211012T041316Z20211012T042729Zhotspots.txt",NA,"AFIMG","6",NA,350.86,101.2,8,"2021/10/12 04:18:57+00",8991,"VIC",141.2686,-37.7298,2021-10-12,2021-10-12 04:18:57,"2021-2022"
"6",16087,43276038,"NOAA 20","2017-073A","NOAA","VIIRS",20200,"2021/10/12 04:13:16+00","2021/10/12 04:27:29+00","J0120211012T041316Z20211012T042729Zhotspots.txt",NA,"AFMOD","6",NA,378.55,101,100,"2021/10/12 04:18:57+00",8991,"VIC",141.266,-37.7284,2021-10-12,2021-10-12 04:18:57,"2021-2022"
"7",16088,43522285,"AQUA","2002-022A","NASA","MODIS",-1,"2021/10/19 04:10:39+00","2021/10/19 04:20:00+00","Aqua20211019T041039Z20211019T042000Zhotspots.txt",NA,"MOD14","6.2.1",NA,370.3,173.8,100,"2021/10/19 04:17:15+00",8823,"VIC",141.299,-36.606,2021-10-19,2021-10-19 04:17:15,"2021-2022"
"8",16089,43522286,"AQUA","2002-022A","NASA","MODIS",-1,"2021/10/19 04:10:39+00","2021/10/19 04:20:00+00","Aqua20211019T041039Z20211019T042000Zhotspots.txt",NA,"MOD14","6.2.1",NA,362.7,137.7,100,"2021/10/19 04:17:15+00",8823,"VIC",141.284,-36.608,2021-10-19,2021-10-19 04:17:15,"2021-2022"
"9",16090,43522334,"AQUA","2002-022A","NASA","MODIS",NA,"2021/10/19 04:10:39+00","2021/10/19 04:22:27+00","Aqua20211019T041039Z20211019T042227Zhotspots.txt",NA,"Landgate MODIS daytime","6.2.1",NA,369.25,119.6,50,"2021/10/19 04:10:39+00",8823,"VIC",141.301,-36.611,2021-10-19,2021-10-19 04:10:39,"2021-2022"
"10",16091,43522508,"AQUA","2002-022A","NASA","MODIS",-1,"2021/10/19 04:10:39+00","2021/10/19 04:25:00+00","Aqua20211019T041039Z20211019T042500Zhotspots.txt",NA,"MOD14","6.2.1",NA,370.3,173.8,100,"2021/10/19 04:17:15+00",8823,"VIC",141.299,-36.606,2021-10-19,2021-10-19 04:17:15,"2021-2022"
"11",16092,43522509,"AQUA","2002-022A","NASA","MODIS",-1,"2021/10/19 04:10:39+00","2021/10/19 04:25:00+00","Aqua20211019T041039Z20211019T042500Zhotspots.txt",NA,"MOD14","6.2.1",NA,362.7,137.7,100,"2021/10/19 04:17:15+00",8823,"VIC",141.284,-36.608,2021-10-19,2021-10-19 04:17:15,"2021-2022"
"12",16093,43523078,"AQUA","2002-022A","NASA","MODIS",NA,"2021/10/19 04:10:39+00","2021/10/19 04:26:57+00","Aqua20211019T041039Z20211019T042657Zhotspots.txt",NA,"Landgate MODIS daytime","6.2.1",NA,369.25,119.6,50,"2021/10/19 04:10:39+00",8823,"VIC",141.301,-36.611,2021-10-19,2021-10-19 04:10:39,"2021-2022"
"13",16094,43524926,"NOAA 20","2017-073A","NOAA","VIIRS",20299,"2021/10/19 03:43:14+00","2021/10/19 03:58:51+00","J0120211019T034314Z20211019T035851Zhotspots.txt",NA,"AFMOD","6",NA,408.35,418.1,100,"2021/10/19 03:47:30+00",8824,"VIC",141.2914,-37.3549,2021-10-19,2021-10-19 03:47:30,"2021-2022"
"14",16095,43525991,"NOAA 20","2017-073A","NOAA","VIIRS",20299,"2021/10/19 03:40:23+00","2021/10/19 03:58:51+00","J0120211019T034023Z20211019T035851Zhotspots.txt",NA,"AFIMG","6",NA,367,210.3,9,"2021/10/19 03:47:30+00",8824,"VIC",141.295,-37.3571,2021-10-19,2021-10-19 03:47:30,"2021-2022"
"15",16096,43525994,"NOAA 20","2017-073A","NOAA","VIIRS",20299,"2021/10/19 03:40:23+00","2021/10/19 03:58:51+00","J0120211019T034023Z20211019T035851Zhotspots.txt",NA,"AFIMG","6",NA,355.22,102.6,8,"2021/10/19 03:47:30+00",8824,"VIC",141.301,-37.3517,2021-10-19,2021-10-19 03:47:30,"2021-2022"
"16",16097,43525995,"NOAA 20","2017-073A","NOAA","VIIRS",20299,"2021/10/19 03:40:23+00","2021/10/19 03:58:51+00","J0120211019T034023Z20211019T035851Zhotspots.txt",NA,"AFIMG","6",NA,355.56,210.3,8,"2021/10/19 03:47:30+00",8824,"VIC",141.2878,-37.3527,2021-10-19,2021-10-19 03:47:30,"2021-2022"
"17",16098,45325571,"AQUA","2002-022A","NASA","MODIS",-1,"2021/11/29 04:04:45+00","2021/11/29 04:20:00+00","Aqua20211129T040445Z20211129T042000Zhotspots.txt",NA,"MOD14","6.2.1",NA,387.2,198.8,94,"2021/11/29 04:11:00+00",7737,"VIC",145.515,-37.689,2021-11-29,2021-11-29 04:11:00,"2021-2022"
"18",16099,45326210,"AQUA","2002-022A","NASA","MODIS",NA,"2021/11/29 04:04:45+00","2021/11/29 04:20:57+00","Aqua20211129T040445Z20211129T042057Zhotspots.txt",NA,"Landgate MODIS daytime","6.2.1",NA,386.22,184.4,50,"2021/11/29 04:04:45+00",7737,"VIC",145.511,-37.691,2021-11-29,2021-11-29 04:04:45,"2021-2022"
"19",16100,45326211,"AQUA","2002-022A","NASA","MODIS",NA,"2021/11/29 04:04:45+00","2021/11/29 04:20:57+00","Aqua20211129T040445Z20211129T042057Zhotspots.txt",NA,"Landgate MODIS daytime","6.2.1",NA,386.22,184.7,50,"2021/11/29 04:04:45+00",7737,"VIC",145.521,-37.691,2021-11-29,2021-11-29 04:04:45,"2021-2022"
"20",16101,45327752,"NOAA 20","2017-073A","NOAA","VIIRS",20881,"2021/11/29 04:12:32+00","2021/11/29 04:31:01+00","J0120211129T041232Z20211129T043101Zhotspots.txt",NA,"AFMOD","6",NA,382.64,116,100,"2021/11/29 04:18:14+00",7737,"VIC",145.5156,-37.6864,2021-11-29,2021-11-29 04:18:14,"2021-2022"
"21",16102,45327979,"AQUA","2002-022A","NASA","MODIS",NA,"2021/11/29 04:04:45+00","2021/11/29 04:21:04+00","Aqua20211129T040445Z20211129T042104Zhotspots.txt",NA,"Landgate MODIS daytime","6.2.1",NA,386.22,184.4,50,"2021/11/29 04:04:45+00",7737,"VIC",145.511,-37.691,2021-11-29,2021-11-29 04:04:45,"2021-2022"
"22",16103,45327980,"AQUA","2002-022A","NASA","MODIS",NA,"2021/11/29 04:04:45+00","2021/11/29 04:21:04+00","Aqua20211129T040445Z20211129T042104Zhotspots.txt",NA,"Landgate MODIS daytime","6.2.1",NA,386.22,184.7,50,"2021/11/29 04:04:45+00",7737,"VIC",145.521,-37.691,2021-11-29,2021-11-29 04:04:45,"2021-2022"
"23",16104,45717736,"NOAA 20","2017-073A","NOAA","VIIRS",21122,"2021/12/16 03:55:17+00","2021/12/16 04:06:38+00","J0120211216T035517Z20211216T040638Zhotspots.txt",NA,"AFMOD","6",NA,377.75,134.5,100,"2021/12/16 03:59:34+00",7330,"VIC",143.0556,-38.028,2021-12-16,2021-12-16 03:59:34,"2021-2022"
"24",16105,45717959,"NOAA 20","2017-073A","NOAA","VIIRS",21122,"2021/12/16 03:52:27+00","2021/12/16 04:06:38+00","J0120211216T035227Z20211216T040638Zhotspots.txt",NA,"AFIMG","6",NA,367,134.5,9,"2021/12/16 03:59:34+00",7330,"VIC",143.0524,-38.0264,2021-12-16,2021-12-16 03:59:34,"2021-2022"
"25",16106,45719539,"NOAA 20","2017-073A","NOAA","VIIRS",21122,"2021/12/16 03:55:17+00","2021/12/16 04:10:55+00","J0120211216T035517Z20211216T041055Zhotspots.txt",NA,"AFMOD","6",NA,377.75,134.5,100,"2021/12/16 03:59:34+00",7330,"VIC",143.0556,-38.028,2021-12-16,2021-12-16 03:59:34,"2021-2022"
"26",16107,45719935,"NOAA 20","2017-073A","NOAA","VIIRS",21122,"2021/12/16 03:52:27+00","2021/12/16 04:10:55+00","J0120211216T035227Z20211216T041055Zhotspots.txt",NA,"AFIMG","6",NA,367,134.5,9,"2021/12/16 03:59:34+00",7330,"VIC",143.0524,-38.0264,2021-12-16,2021-12-16 03:59:34,"2021-2022"
"27",16108,45819558,"AQUA","2002-022A","NASA","MODIS",-1,"2021/12/19 03:41:00+00","2021/12/19 03:50:00+00","Aqua20211219T034100Z20211219T035000Zhotspots.txt",NA,"MOD14","6.2.1",NA,336.9,195.4,88,"2021/12/19 03:47:44+00",7258,"VIC",141.881,-35.343,2021-12-19,2021-12-19 03:47:44,"2021-2022"
"28",16109,45819559,"AQUA","2002-022A","NASA","MODIS",-1,"2021/12/19 03:41:00+00","2021/12/19 03:50:00+00","Aqua20211219T034100Z20211219T035000Zhotspots.txt",NA,"MOD14","6.2.1",NA,340.3,230.1,89,"2021/12/19 03:47:45+00",7258,"VIC",141.876,-35.336,2021-12-19,2021-12-19 03:47:45,"2021-2022"
"29",16110,45819579,"AQUA","2002-022A","NASA","MODIS",-1,"2021/12/19 03:41:00+00","2021/12/19 03:55:00+00","Aqua20211219T034100Z20211219T035500Zhotspots.txt",NA,"MOD14","6.2.1",NA,336.9,195.4,88,"2021/12/19 03:47:30+00",7258,"VIC",141.881,-35.343,2021-12-19,2021-12-19 03:47:30,"2021-2022"
"30",16111,45819580,"AQUA","2002-022A","NASA","MODIS",-1,"2021/12/19 03:41:00+00","2021/12/19 03:55:00+00","Aqua20211219T034100Z20211219T035500Zhotspots.txt",NA,"MOD14","6.2.1",NA,340.3,230.1,89,"2021/12/19 03:47:30+00",7258,"VIC",141.876,-35.336,2021-12-19,2021-12-19 03:47:30,"2021-2022"
"31",16112,45823945,"NOAA 20","2017-073A","NOAA","VIIRS",21166,"2021/12/19 04:36:40+00","2021/12/19 04:50:53+00","J0120211219T043640Z20211219T045053Zhotspots.txt",NA,"AFIMG","6",NA,344.86,133.9,8,"2021/12/19 04:43:47+00",7257,"VIC",141.9046,-35.332,2021-12-19,2021-12-19 04:43:47,"2021-2022"
"32",16113,45824556,"NOAA 20","2017-073A","NOAA","VIIRS",21166,"2021/12/19 04:36:40+00","2021/12/19 04:50:53+00","J0120211219T043640Z20211219T045053Zhotspots.txt",NA,"AFMOD","6",NA,371.86,132.5,100,"2021/12/19 04:43:47+00",7257,"VIC",141.9022,-35.3346,2021-12-19,2021-12-19 04:43:47,"2021-2022"
"33",16114,45824560,"NOAA 20","2017-073A","NOAA","VIIRS",21166,"2021/12/19 04:36:40+00","2021/12/19 04:50:53+00","J0120211219T043640Z20211219T045053Zhotspots.txt",NA,"AFMOD","6",NA,370.16,126,100,"2021/12/19 04:43:47+00",7257,"VIC",141.8998,-35.3268,2021-12-19,2021-12-19 04:43:47,"2021-2022"
"34",16115,45824562,"NOAA 20","2017-073A","NOAA","VIIRS",21166,"2021/12/19 04:36:40+00","2021/12/19 04:50:53+00","J0120211219T043640Z20211219T045053Zhotspots.txt",NA,"AFMOD","6",NA,374.65,146.2,100,"2021/12/19 04:43:47+00",7257,"VIC",141.9063,-35.3315,2021-12-19,2021-12-19 04:43:47,"2021-2022"
"35",16116,45824563,"NOAA 20","2017-073A","NOAA","VIIRS",21166,"2021/12/19 04:36:40+00","2021/12/19 04:50:53+00","J0120211219T043640Z20211219T045053Zhotspots.txt",NA,"AFMOD","6",NA,370.97,129.8,100,"2021/12/19 04:43:47+00",7257,"VIC",141.894,-35.3339,2021-12-19,2021-12-19 04:43:47,"2021-2022"
"36",16117,45824810,"NOAA 20","2017-073A","NOAA","VIIRS",21166,"2021/12/19 04:36:40+00","2021/12/19 04:55:08+00","J0120211219T043640Z20211219T045508Zhotspots.txt",NA,"AFIMG","6",NA,344.86,133.9,8,"2021/12/19 04:43:47+00",7257,"VIC",141.9046,-35.332,2021-12-19,2021-12-19 04:43:47,"2021-2022"
"37",16118,45825258,"NOAA 20","2017-073A","NOAA","VIIRS",21166,"2021/12/19 04:36:40+00","2021/12/19 04:55:08+00","J0120211219T043640Z20211219T045508Zhotspots.txt",NA,"AFMOD","6",NA,371.86,132.5,100,"2021/12/19 04:43:47+00",7257,"VIC",141.9022,-35.3346,2021-12-19,2021-12-19 04:43:47,"2021-2022"
"38",16119,45825262,"NOAA 20","2017-073A","NOAA","VIIRS",21166,"2021/12/19 04:36:40+00","2021/12/19 04:55:08+00","J0120211219T043640Z20211219T045508Zhotspots.txt",NA,"AFMOD","6",NA,370.16,126,100,"2021/12/19 04:43:47+00",7257,"VIC",141.8998,-35.3268,2021-12-19,2021-12-19 04:43:47,"2021-2022"
"39",16120,45825264,"NOAA 20","2017-073A","NOAA","VIIRS",21166,"2021/12/19 04:36:40+00","2021/12/19 04:55:08+00","J0120211219T043640Z20211219T045508Zhotspots.txt",NA,"AFMOD","6",NA,374.65,146.2,100,"2021/12/19 04:43:47+00",7257,"VIC",141.9063,-35.3315,2021-12-19,2021-12-19 04:43:47,"2021-2022"
"40",16121,45825265,"NOAA 20","2017-073A","NOAA","VIIRS",21166,"2021/12/19 04:36:40+00","2021/12/19 04:55:08+00","J0120211219T043640Z20211219T045508Zhotspots.txt",NA,"AFMOD","6",NA,370.97,129.8,100,"2021/12/19 04:43:47+00",7257,"VIC",141.894,-35.3339,2021-12-19,2021-12-19 04:43:47,"2021-2022"
"41",16122,45827392,"NOAA 20","2017-073A","NOAA","VIIRS",21166,"2021/12/19 04:36:40+00","2021/12/19 04:56:34+00","J0120211219T043640Z20211219T045634Zhotspots.txt",NA,"AFMOD","6",NA,371.86,132.5,100,"2021/12/19 04:43:47+00",7257,"VIC",141.9022,-35.3346,2021-12-19,2021-12-19 04:43:47,"2021-2022"
"42",16123,45827396,"NOAA 20","2017-073A","NOAA","VIIRS",21166,"2021/12/19 04:36:40+00","2021/12/19 04:56:34+00","J0120211219T043640Z20211219T045634Zhotspots.txt",NA,"AFMOD","6",NA,370.16,126,100,"2021/12/19 04:43:47+00",7257,"VIC",141.8998,-35.3268,2021-12-19,2021-12-19 04:43:47,"2021-2022"
"43",16124,45827398,"NOAA 20","2017-073A","NOAA","VIIRS",21166,"2021/12/19 04:36:40+00","2021/12/19 04:56:34+00","J0120211219T043640Z20211219T045634Zhotspots.txt",NA,"AFMOD","6",NA,374.65,146.2,100,"2021/12/19 04:43:47+00",7257,"VIC",141.9063,-35.3315,2021-12-19,2021-12-19 04:43:47,"2021-2022"
"44",16125,45827399,"NOAA 20","2017-073A","NOAA","VIIRS",21166,"2021/12/19 04:36:40+00","2021/12/19 04:56:34+00","J0120211219T043640Z20211219T045634Zhotspots.txt",NA,"AFMOD","6",NA,370.97,129.8,100,"2021/12/19 04:43:47+00",7257,"VIC",141.894,-35.3339,2021-12-19,2021-12-19 04:43:47,"2021-2022"
"45",16126,45827475,"NOAA 20","2017-073A","NOAA","VIIRS",21166,"2021/12/19 04:36:40+00","2021/12/19 04:56:34+00","J0120211219T043640Z20211219T045634Zhotspots.txt",NA,"AFIMG","6",NA,344.86,133.9,8,"2021/12/19 04:43:47+00",7257,"VIC",141.9046,-35.332,2021-12-19,2021-12-19 04:43:47,"2021-2022"
"46",16127,46083008,"SUOMI NPP","2011-061A","NASA/NOAA","VIIRS",52731,"2021/12/31 03:27:30+00","2021/12/31 03:37:26+00","Npp20211231T032730Z20211231T033726Zhotspots.txt",NA,"AFMOD","6",NA,378.89,234.5,100,"2021/12/31 03:30:20+00",6994,"VIC",140.996,-37.1786,2021-12-31,2021-12-31 03:30:20,"2021-2022"
"47",16128,46083009,"SUOMI NPP","2011-061A","NASA/NOAA","VIIRS",52731,"2021/12/31 03:27:30+00","2021/12/31 03:37:26+00","Npp20211231T032730Z20211231T033726Zhotspots.txt",NA,"AFMOD","6",NA,365.84,158.9,100,"2021/12/31 03:30:20+00",6994,"VIC",140.9833,-37.179,2021-12-31,2021-12-31 03:30:20,"2021-2022"
"48",16129,46083025,"SUOMI NPP","2011-061A","NASA/NOAA","VIIRS",52732,"2021/12/31 05:04:14+00","2021/12/31 05:19:52+00","Npp20211231T050414Z20211231T051952Zhotspots.txt",NA,"AFIMG","6",NA,367,289.4,9,"2021/12/31 05:09:55+00",6992,"VIC",141.1435,-37.188,2021-12-31,2021-12-31 05:09:55,"2021-2022"
"49",16130,46083026,"SUOMI NPP","2011-061A","NASA/NOAA","VIIRS",52732,"2021/12/31 05:04:14+00","2021/12/31 05:19:52+00","Npp20211231T050414Z20211231T051952Zhotspots.txt",NA,"AFIMG","6",NA,367,289.4,9,"2021/12/31 05:09:55+00",6992,"VIC",141.1398,-37.1889,2021-12-31,2021-12-31 05:09:55,"2021-2022"
"50",16131,46083027,"SUOMI NPP","2011-061A","NASA/NOAA","VIIRS",52732,"2021/12/31 05:04:14+00","2021/12/31 05:19:52+00","Npp20211231T050414Z20211231T051952Zhotspots.txt",NA,"AFIMG","6",NA,367,578.2,9,"2021/12/31 05:09:55+00",6992,"VIC",141.136,-37.1899,2021-12-31,2021-12-31 05:09:55,"2021-2022"
"51",16132,46083028,"SUOMI NPP","2011-061A","NASA/NOAA","VIIRS",52732,"2021/12/31 05:04:14+00","2021/12/31 05:19:52+00","Npp20211231T050414Z20211231T051952Zhotspots.txt",NA,"AFIMG","6",NA,367,578.2,9,"2021/12/31 05:09:55+00",6992,"VIC",141.1323,-37.1908,2021-12-31,2021-12-31 05:09:55,"2021-2022"
"52",16133,46083243,"SUOMI NPP","2011-061A","NASA/NOAA","VIIRS",52731,"2021/12/31 03:27:30+00","2021/12/31 03:43:08+00","Npp20211231T032730Z20211231T034308Zhotspots.txt",NA,"AFMOD","6",NA,378.89,234.5,100,"2021/12/31 03:30:20+00",6994,"VIC",140.996,-37.1786,2021-12-31,2021-12-31 03:30:20,"2021-2022"
"53",16134,46083244,"SUOMI NPP","2011-061A","NASA/NOAA","VIIRS",52731,"2021/12/31 03:27:30+00","2021/12/31 03:43:08+00","Npp20211231T032730Z20211231T034308Zhotspots.txt",NA,"AFMOD","6",NA,365.84,158.9,100,"2021/12/31 03:30:20+00",6994,"VIC",140.9833,-37.179,2021-12-31,2021-12-31 03:30:20,"2021-2022"
"54",16135,46083335,"AQUA","2002-022A","NASA","MODIS",-1,"2021/12/31 04:05:14+00","2021/12/31 04:20:00+00","Aqua20211231T040514Z20211231T042000Zhotspots.txt",NA,"MOD14","6.2.1",NA,381.3,322.7,87,"2021/12/31 04:11:44+00",6993,"VIC",141.059,-37.197,2021-12-31,2021-12-31 04:11:44,"2021-2022"
"55",16136,46083336,"AQUA","2002-022A","NASA","MODIS",-1,"2021/12/31 04:05:14+00","2021/12/31 04:20:00+00","Aqua20211231T040514Z20211231T042000Zhotspots.txt",NA,"MOD14","6.2.1",NA,448.1,1502.7,75,"2021/12/31 04:11:44+00",6993,"VIC",141.039,-37.199,2021-12-31,2021-12-31 04:11:44,"2021-2022"
"56",16137,46083338,"AQUA","2002-022A","NASA","MODIS",-1,"2021/12/31 04:05:14+00","2021/12/31 04:20:00+00","Aqua20211231T040514Z20211231T042000Zhotspots.txt",NA,"MOD14","6.2.1",NA,369.9,222.8,94,"2021/12/31 04:11:44+00",6993,"VIC",141.037,-37.187,2021-12-31,2021-12-31 04:11:44,"2021-2022"
"57",16138,46083339,"AQUA","2002-022A","NASA","MODIS",-1,"2021/12/31 04:05:14+00","2021/12/31 04:20:00+00","Aqua20211231T040514Z20211231T042000Zhotspots.txt",NA,"MOD14","6.2.1",NA,374,254,94,"2021/12/31 04:11:44+00",6993,"VIC",141.018,-37.189,2021-12-31,2021-12-31 04:11:44,"2021-2022"
"58",16139,46083340,"AQUA","2002-022A","NASA","MODIS",-1,"2021/12/31 04:05:14+00","2021/12/31 04:20:00+00","Aqua20211231T040514Z20211231T042000Zhotspots.txt",NA,"MOD14","6.2.1",NA,357.4,131,92,"2021/12/31 04:11:44+00",6993,"VIC",140.998,-37.191,2021-12-31,2021-12-31 04:11:44,"2021-2022"
"59",16140,46083373,"AQUA","2002-022A","NASA","MODIS",NA,"2021/12/31 04:05:14+00","2021/12/31 04:21:26+00","Aqua20211231T040514Z20211231T042126Zhotspots.txt",NA,"Landgate MODIS daytime","6.2.1",NA,372.97,116.3,50,"2021/12/31 04:05:14+00",6993,"VIC",141.011,-37.191,2021-12-31,2021-12-31 04:05:14,"2021-2022"
"60",16141,46083374,"AQUA","2002-022A","NASA","MODIS",NA,"2021/12/31 04:05:14+00","2021/12/31 04:21:26+00","Aqua20211231T040514Z20211231T042126Zhotspots.txt",NA,"Landgate MODIS daytime","6.2.1",NA,372.97,116.4,50,"2021/12/31 04:05:14+00",6993,"VIC",141.021,-37.191,2021-12-31,2021-12-31 04:05:14,"2021-2022"
"61",16142,46083491,"NOAA 20","2017-073A","NOAA","VIIRS",21335,"2021/12/31 04:11:35+00","2021/12/31 04:27:14+00","J0120211231T041135Z20211231T042714Zhotspots.txt",NA,"AFIMG","6",NA,367,107.8,9,"2021/12/31 04:18:42+00",6993,"VIC",141.0441,-37.205,2021-12-31,2021-12-31 04:18:42,"2021-2022"
"62",16143,46083492,"NOAA 20","2017-073A","NOAA","VIIRS",21335,"2021/12/31 04:11:35+00","2021/12/31 04:27:14+00","J0120211231T041135Z20211231T042714Zhotspots.txt",NA,"AFIMG","6",NA,367,296.4,9,"2021/12/31 04:18:42+00",6993,"VIC",141.0616,-37.1991,2021-12-31,2021-12-31 04:18:42,"2021-2022"
"63",16144,46083493,"NOAA 20","2017-073A","NOAA","VIIRS",21335,"2021/12/31 04:11:35+00","2021/12/31 04:27:14+00","J0120211231T041135Z20211231T042714Zhotspots.txt",NA,"AFIMG","6",NA,367,214.4,9,"2021/12/31 04:18:42+00",6993,"VIC",141.057,-37.1998,2021-12-31,2021-12-31 04:18:42,"2021-2022"
"64",16145,46083494,"NOAA 20","2017-073A","NOAA","VIIRS",21335,"2021/12/31 04:11:35+00","2021/12/31 04:27:14+00","J0120211231T041135Z20211231T042714Zhotspots.txt",NA,"AFIMG","6",NA,367,214.4,9,"2021/12/31 04:18:42+00",6993,"VIC",141.0525,-37.2004,2021-12-31,2021-12-31 04:18:42,"2021-2022"
"65",16146,46083495,"NOAA 20","2017-073A","NOAA","VIIRS",21335,"2021/12/31 04:11:35+00","2021/12/31 04:27:14+00","J0120211231T041135Z20211231T042714Zhotspots.txt",NA,"AFIMG","6",NA,367,107.8,9,"2021/12/31 04:18:42+00",6993,"VIC",141.0479,-37.201,2021-12-31,2021-12-31 04:18:42,"2021-2022"
"66",16147,46083496,"NOAA 20","2017-073A","NOAA","VIIRS",21335,"2021/12/31 04:11:35+00","2021/12/31 04:27:14+00","J0120211231T041135Z20211231T042714Zhotspots.txt",NA,"AFIMG","6",NA,367,107.8,9,"2021/12/31 04:18:42+00",6993,"VIC",141.0433,-37.2016,2021-12-31,2021-12-31 04:18:42,"2021-2022"
"67",16148,46083497,"NOAA 20","2017-073A","NOAA","VIIRS",21335,"2021/12/31 04:11:35+00","2021/12/31 04:27:14+00","J0120211231T041135Z20211231T042714Zhotspots.txt",NA,"AFIMG","6",NA,367,185.7,9,"2021/12/31 04:18:42+00",6993,"VIC",141.0387,-37.2023,2021-12-31,2021-12-31 04:18:42,"2021-2022"
"68",16149,46083498,"NOAA 20","2017-073A","NOAA","VIIRS",21335,"2021/12/31 04:11:35+00","2021/12/31 04:27:14+00","J0120211231T041135Z20211231T042714Zhotspots.txt",NA,"AFIMG","6",NA,367,164.2,9,"2021/12/31 04:18:42+00",6993,"VIC",141.0563,-37.1964,2021-12-31,2021-12-31 04:18:42,"2021-2022"
"69",16150,46083499,"NOAA 20","2017-073A","NOAA","VIIRS",21335,"2021/12/31 04:11:35+00","2021/12/31 04:27:14+00","J0120211231T041135Z20211231T042714Zhotspots.txt",NA,"AFIMG","6",NA,367,164.2,9,"2021/12/31 04:18:42+00",6993,"VIC",141.0517,-37.197,2021-12-31,2021-12-31 04:18:42,"2021-2022"
"70",16151,46083501,"NOAA 20","2017-073A","NOAA","VIIRS",21335,"2021/12/31 04:11:35+00","2021/12/31 04:27:14+00","J0120211231T041135Z20211231T042714Zhotspots.txt",NA,"AFIMG","6",NA,367,202.7,9,"2021/12/31 04:18:42+00",6993,"VIC",141.038,-37.1989,2021-12-31,2021-12-31 04:18:42,"2021-2022"
"71",16152,46083502,"NOAA 20","2017-073A","NOAA","VIIRS",21335,"2021/12/31 04:11:35+00","2021/12/31 04:27:14+00","J0120211231T041135Z20211231T042714Zhotspots.txt",NA,"AFIMG","6",NA,367,202.7,9,"2021/12/31 04:18:42+00",6993,"VIC",141.0334,-37.1995,2021-12-31,2021-12-31 04:18:42,"2021-2022"
"72",16153,46083503,"NOAA 20","2017-073A","NOAA","VIIRS",21335,"2021/12/31 04:11:35+00","2021/12/31 04:27:14+00","J0120211231T041135Z20211231T042714Zhotspots.txt",NA,"AFIMG","6",NA,367,109.8,9,"2021/12/31 04:18:42+00",6993,"VIC",141.0289,-37.2001,2021-12-31,2021-12-31 04:18:42,"2021-2022"
"73",16154,46083504,"NOAA 20","2017-073A","NOAA","VIIRS",21335,"2021/12/31 04:11:35+00","2021/12/31 04:27:14+00","J0120211231T041135Z20211231T042714Zhotspots.txt",NA,"AFIMG","6",NA,367,109.8,9,"2021/12/31 04:18:42+00",6993,"VIC",141.0243,-37.2007,2021-12-31,2021-12-31 04:18:42,"2021-2022"
"74",16155,46083506,"NOAA 20","2017-073A","NOAA","VIIRS",21335,"2021/12/31 04:11:35+00","2021/12/31 04:27:14+00","J0120211231T041135Z20211231T042714Zhotspots.txt",NA,"AFIMG","6",NA,367,164.2,9,"2021/12/31 04:18:42+00",6993,"VIC",141.051,-37.1936,2021-12-31,2021-12-31 04:18:42,"2021-2022"
"75",16156,46083508,"NOAA 20","2017-073A","NOAA","VIIRS",21335,"2021/12/31 04:11:35+00","2021/12/31 04:27:14+00","J0120211231T041135Z20211231T042714Zhotspots.txt",NA,"AFIMG","6",NA,367,202.7,9,"2021/12/31 04:18:42+00",6993,"VIC",141.0373,-37.1955,2021-12-31,2021-12-31 04:18:42,"2021-2022"
"76",16157,46083509,"NOAA 20","2017-073A","NOAA","VIIRS",21335,"2021/12/31 04:11:35+00","2021/12/31 04:27:14+00","J0120211231T041135Z20211231T042714Zhotspots.txt",NA,"AFIMG","6",NA,367,202.7,9,"2021/12/31 04:18:42+00",6993,"VIC",141.0327,-37.1961,2021-12-31,2021-12-31 04:18:42,"2021-2022"
"77",16158,46083510,"NOAA 20","2017-073A","NOAA","VIIRS",21335,"2021/12/31 04:11:35+00","2021/12/31 04:27:14+00","J0120211231T041135Z20211231T042714Zhotspots.txt",NA,"AFIMG","6",NA,367,109.8,9,"2021/12/31 04:18:42+00",6993,"VIC",141.0236,-37.1973,2021-12-31,2021-12-31 04:18:42,"2021-2022"
"78",16159,46083513,"NOAA 20","2017-073A","NOAA","VIIRS",21335,"2021/12/31 04:11:35+00","2021/12/31 04:27:14+00","J0120211231T041135Z20211231T042714Zhotspots.txt",NA,"AFIMG","6",NA,367,164.2,7,"2021/12/31 04:18:42+00",6993,"VIC",141.0556,-37.193,2021-12-31,2021-12-31 04:18:42,"2021-2022"
"79",16160,46083514,"NOAA 20","2017-073A","NOAA","VIIRS",21335,"2021/12/31 04:11:35+00","2021/12/31 04:27:14+00","J0120211231T041135Z20211231T042714Zhotspots.txt",NA,"AFIMG","6",NA,367,109.8,7,"2021/12/31 04:18:42+00",6993,"VIC",141.0282,-37.1967,2021-12-31,2021-12-31 04:18:42,"2021-2022"
"80",16161,46083515,"NOAA 20","2017-073A","NOAA","VIIRS",21335,"2021/12/31 04:11:35+00","2021/12/31 04:27:14+00","J0120211231T041135Z20211231T042714Zhotspots.txt",NA,"AFIMG","6",NA,367,197.6,9,"2021/12/31 04:18:42+00",6993,"VIC",141.0503,-37.1902,2021-12-31,2021-12-31 04:18:42,"2021-2022"
"81",16162,46083533,"NOAA 20","2017-073A","NOAA","VIIRS",21335,"2021/12/31 04:11:35+00","2021/12/31 04:27:14+00","J0120211231T041135Z20211231T042714Zhotspots.txt",NA,"AFIMG","6",NA,367,110.5,9,"2021/12/31 04:18:42+00",6993,"VIC",141.0351,-37.1852,2021-12-31,2021-12-31 04:18:42,"2021-2022"
"82",16163,46083540,"NOAA 20","2017-073A","NOAA","VIIRS",21335,"2021/12/31 04:11:35+00","2021/12/31 04:27:14+00","J0120211231T041135Z20211231T042714Zhotspots.txt",NA,"AFIMG","6",NA,367,110.5,7,"2021/12/31 04:18:42+00",6993,"VIC",141.0305,-37.1859,2021-12-31,2021-12-31 04:18:42,"2021-2022"
"83",16164,46083541,"NOAA 20","2017-073A","NOAA","VIIRS",21335,"2021/12/31 04:11:35+00","2021/12/31 04:27:14+00","J0120211231T041135Z20211231T042714Zhotspots.txt",NA,"AFIMG","6",NA,367,110.5,9,"2021/12/31 04:18:42+00",6993,"VIC",141.0298,-37.1824,2021-12-31,2021-12-31 04:18:42,"2021-2022"
"84",16165,46083773,"NOAA 20","2017-073A","NOAA","VIIRS",21335,"2021/12/31 04:13:01+00","2021/12/31 04:27:14+00","J0120211231T041301Z20211231T042714Zhotspots.txt",NA,"AFMOD","6",NA,425.59,289.8,100,"2021/12/31 04:18:42+00",6993,"VIC",141.0642,-37.2005,2021-12-31,2021-12-31 04:18:42,"2021-2022"
"85",16166,46083774,"NOAA 20","2017-073A","NOAA","VIIRS",21335,"2021/12/31 04:13:01+00","2021/12/31 04:27:14+00","J0120211231T041301Z20211231T042714Zhotspots.txt",NA,"AFMOD","6",NA,444.72,420.6,100,"2021/12/31 04:18:42+00",6993,"VIC",141.0551,-37.2018,2021-12-31,2021-12-31 04:18:42,"2021-2022"
"86",16167,46083775,"NOAA 20","2017-073A","NOAA","VIIRS",21335,"2021/12/31 04:13:01+00","2021/12/31 04:27:14+00","J0120211231T041301Z20211231T042714Zhotspots.txt",NA,"AFMOD","6",NA,429.95,314.9,100,"2021/12/31 04:18:42+00",6993,"VIC",141.046,-37.203,2021-12-31,2021-12-31 04:18:42,"2021-2022"
"87",16168,46083776,"NOAA 20","2017-073A","NOAA","VIIRS",21335,"2021/12/31 04:13:01+00","2021/12/31 04:27:14+00","J0120211231T041301Z20211231T042714Zhotspots.txt",NA,"AFMOD","6",NA,404.17,178.3,100,"2021/12/31 04:18:42+00",6993,"VIC",141.0368,-37.2043,2021-12-31,2021-12-31 04:18:42,"2021-2022"
"88",16169,46083778,"NOAA 20","2017-073A","NOAA","VIIRS",21335,"2021/12/31 04:13:01+00","2021/12/31 04:27:14+00","J0120211231T041301Z20211231T042714Zhotspots.txt",NA,"AFMOD","6",NA,469.34,649.6,100,"2021/12/31 04:18:42+00",6993,"VIC",141.0537,-37.195,2021-12-31,2021-12-31 04:18:42,"2021-2022"
"89",16170,46083779,"NOAA 20","2017-073A","NOAA","VIIRS",21335,"2021/12/31 04:13:01+00","2021/12/31 04:27:14+00","J0120211231T041301Z20211231T042714Zhotspots.txt",NA,"AFMOD","6",NA,436.66,361.1,100,"2021/12/31 04:18:42+00",6993,"VIC",141.0445,-37.1962,2021-12-31,2021-12-31 04:18:42,"2021-2022"
"90",16171,46083780,"NOAA 20","2017-073A","NOAA","VIIRS",21335,"2021/12/31 04:13:01+00","2021/12/31 04:27:14+00","J0120211231T041301Z20211231T042714Zhotspots.txt",NA,"AFMOD","6",NA,482.58,804,100,"2021/12/31 04:18:42+00",6993,"VIC",141.0354,-37.1975,2021-12-31,2021-12-31 04:18:42,"2021-2022"
"91",16172,46083781,"NOAA 20","2017-073A","NOAA","VIIRS",21335,"2021/12/31 04:13:01+00","2021/12/31 04:27:14+00","J0120211231T041301Z20211231T042714Zhotspots.txt",NA,"AFMOD","6",NA,446.13,430.7,100,"2021/12/31 04:18:42+00",6993,"VIC",141.0262,-37.1987,2021-12-31,2021-12-31 04:18:42,"2021-2022"
"92",16173,46083783,"NOAA 20","2017-073A","NOAA","VIIRS",21335,"2021/12/31 04:13:01+00","2021/12/31 04:27:14+00","J0120211231T041301Z20211231T042714Zhotspots.txt",NA,"AFMOD","6",NA,406.83,191,100,"2021/12/31 04:18:42+00",6993,"VIC",141.0522,-37.1882,2021-12-31,2021-12-31 04:18:42,"2021-2022"
"93",16174,46083784,"NOAA 20","2017-073A","NOAA","VIIRS",21335,"2021/12/31 04:13:01+00","2021/12/31 04:27:14+00","J0120211231T041301Z20211231T042714Zhotspots.txt",NA,"AFMOD","6",NA,427.81,302.2,100,"2021/12/31 04:18:42+00",6993,"VIC",141.0431,-37.1894,2021-12-31,2021-12-31 04:18:42,"2021-2022"
"94",16175,46083785,"NOAA 20","2017-073A","NOAA","VIIRS",21335,"2021/12/31 04:13:01+00","2021/12/31 04:27:14+00","J0120211231T041301Z20211231T042714Zhotspots.txt",NA,"AFMOD","6",NA,426.92,296.5,100,"2021/12/31 04:18:42+00",6993,"VIC",141.0339,-37.1907,2021-12-31,2021-12-31 04:18:42,"2021-2022"
"95",16176,46083786,"NOAA 20","2017-073A","NOAA","VIIRS",21335,"2021/12/31 04:13:01+00","2021/12/31 04:27:14+00","J0120211231T041301Z20211231T042714Zhotspots.txt",NA,"AFMOD","6",NA,407.94,194.2,100,"2021/12/31 04:18:42+00",6993,"VIC",141.0248,-37.1919,2021-12-31,2021-12-31 04:18:42,"2021-2022"
"96",16177,46083790,"NOAA 20","2017-073A","NOAA","VIIRS",21335,"2021/12/31 04:13:01+00","2021/12/31 04:27:14+00","J0120211231T041301Z20211231T042714Zhotspots.txt",NA,"AFMOD","6",NA,431.4,327.4,100,"2021/12/31 04:18:42+00",6993,"VIC",141.0325,-37.1838,2021-12-31,2021-12-31 04:18:42,"2021-2022"
"97",16178,46084032,"NOAA 20","2017-073A","NOAA","VIIRS",21335,"2021/12/31 04:11:35+00","2021/12/31 04:30:04+00","J0120211231T041135Z20211231T043004Zhotspots.txt",NA,"AFIMG","6",NA,367,107.8,9,"2021/12/31 04:18:42+00",6993,"VIC",141.0441,-37.205,2021-12-31,2021-12-31 04:18:42,"2021-2022"
"98",16179,46084033,"NOAA 20","2017-073A","NOAA","VIIRS",21335,"2021/12/31 04:11:35+00","2021/12/31 04:30:04+00","J0120211231T041135Z20211231T043004Zhotspots.txt",NA,"AFIMG","6",NA,367,296.4,9,"2021/12/31 04:18:42+00",6993,"VIC",141.0616,-37.1991,2021-12-31,2021-12-31 04:18:42,"2021-2022"
"99",16180,46084034,"NOAA 20","2017-073A","NOAA","VIIRS",21335,"2021/12/31 04:11:35+00","2021/12/31 04:30:04+00","J0120211231T041135Z20211231T043004Zhotspots.txt",NA,"AFIMG","6",NA,367,214.4,9,"2021/12/31 04:18:42+00",6993,"VIC",141.057,-37.1998,2021-12-31,2021-12-31 04:18:42,"2021-2022"
"100",16181,46084035,"NOAA 20","2017-073A","NOAA","VIIRS",21335,"2021/12/31 04:11:35+00","2021/12/31 04:30:04+00","J0120211231T041135Z20211231T043004Zhotspots.txt",NA,"AFIMG","6",NA,367,214.4,9,"2021/12/31 04:18:42+00",6993,"VIC",141.0525,-37.2004,2021-12-31,2021-12-31 04:18:42,"2021-2022"
"101",16182,46084036,"NOAA 20","2017-073A","NOAA","VIIRS",21335,"2021/12/31 04:11:35+00","2021/12/31 04:30:04+00","J0120211231T041135Z20211231T043004Zhotspots.txt",NA,"AFIMG","6",NA,367,107.8,9,"2021/12/31 04:18:42+00",6993,"VIC",141.0479,-37.201,2021-12-31,2021-12-31 04:18:42,"2021-2022"
"102",16183,46084037,"NOAA 20","2017-073A","NOAA","VIIRS",21335,"2021/12/31 04:11:35+00","2021/12/31 04:30:04+00","J0120211231T041135Z20211231T043004Zhotspots.txt",NA,"AFIMG","6",NA,367,107.8,9,"2021/12/31 04:18:42+00",6993,"VIC",141.0433,-37.2016,2021-12-31,2021-12-31 04:18:42,"2021-2022"
"103",16184,46084038,"NOAA 20","2017-073A","NOAA","VIIRS",21335,"2021/12/31 04:11:35+00","2021/12/31 04:30:04+00","J0120211231T041135Z20211231T043004Zhotspots.txt",NA,"AFIMG","6",NA,367,185.7,9,"2021/12/31 04:18:42+00",6993,"VIC",141.0387,-37.2023,2021-12-31,2021-12-31 04:18:42,"2021-2022"
"104",16185,46084039,"NOAA 20","2017-073A","NOAA","VIIRS",21335,"2021/12/31 04:11:35+00","2021/12/31 04:30:04+00","J0120211231T041135Z20211231T043004Zhotspots.txt",NA,"AFIMG","6",NA,367,164.2,9,"2021/12/31 04:18:42+00",6993,"VIC",141.0563,-37.1964,2021-12-31,2021-12-31 04:18:42,"2021-2022"
"105",16186,46084040,"NOAA 20","2017-073A","NOAA","VIIRS",21335,"2021/12/31 04:11:35+00","2021/12/31 04:30:04+00","J0120211231T041135Z20211231T043004Zhotspots.txt",NA,"AFIMG","6",NA,367,164.2,9,"2021/12/31 04:18:42+00",6993,"VIC",141.0517,-37.197,2021-12-31,2021-12-31 04:18:42,"2021-2022"
"106",16187,46084042,"NOAA 20","2017-073A","NOAA","VIIRS",21335,"2021/12/31 04:11:35+00","2021/12/31 04:30:04+00","J0120211231T041135Z20211231T043004Zhotspots.txt",NA,"AFIMG","6",NA,367,202.7,9,"2021/12/31 04:18:42+00",6993,"VIC",141.038,-37.1989,2021-12-31,2021-12-31 04:18:42,"2021-2022"
"107",16188,46084043,"NOAA 20","2017-073A","NOAA","VIIRS",21335,"2021/12/31 04:11:35+00","2021/12/31 04:30:04+00","J0120211231T041135Z20211231T043004Zhotspots.txt",NA,"AFIMG","6",NA,367,202.7,9,"2021/12/31 04:18:42+00",6993,"VIC",141.0334,-37.1995,2021-12-31,2021-12-31 04:18:42,"2021-2022"
"108",16189,46084044,"NOAA 20","2017-073A","NOAA","VIIRS",21335,"2021/12/31 04:11:35+00","2021/12/31 04:30:04+00","J0120211231T041135Z20211231T043004Zhotspots.txt",NA,"AFIMG","6",NA,367,109.8,9,"2021/12/31 04:18:42+00",6993,"VIC",141.0289,-37.2001,2021-12-31,2021-12-31 04:18:42,"2021-2022"
"109",16190,46084045,"NOAA 20","2017-073A","NOAA","VIIRS",21335,"2021/12/31 04:11:35+00","2021/12/31 04:30:04+00","J0120211231T041135Z20211231T043004Zhotspots.txt",NA,"AFIMG","6",NA,367,109.8,9,"2021/12/31 04:18:42+00",6993,"VIC",141.0243,-37.2007,2021-12-31,2021-12-31 04:18:42,"2021-2022"
"110",16191,46084047,"NOAA 20","2017-073A","NOAA","VIIRS",21335,"2021/12/31 04:11:35+00","2021/12/31 04:30:04+00","J0120211231T041135Z20211231T043004Zhotspots.txt",NA,"AFIMG","6",NA,367,164.2,9,"2021/12/31 04:18:42+00",6993,"VIC",141.051,-37.1936,2021-12-31,2021-12-31 04:18:42,"2021-2022"
"111",16192,46084049,"NOAA 20","2017-073A","NOAA","VIIRS",21335,"2021/12/31 04:11:35+00","2021/12/31 04:30:04+00","J0120211231T041135Z20211231T043004Zhotspots.txt",NA,"AFIMG","6",NA,367,202.7,9,"2021/12/31 04:18:42+00",6993,"VIC",141.0373,-37.1955,2021-12-31,2021-12-31 04:18:42,"2021-2022"
"112",16193,46084050,"NOAA 20","2017-073A","NOAA","VIIRS",21335,"2021/12/31 04:11:35+00","2021/12/31 04:30:04+00","J0120211231T041135Z20211231T043004Zhotspots.txt",NA,"AFIMG","6",NA,367,202.7,9,"2021/12/31 04:18:42+00",6993,"VIC",141.0327,-37.1961,2021-12-31,2021-12-31 04:18:42,"2021-2022"
"113",16194,46084051,"NOAA 20","2017-073A","NOAA","VIIRS",21335,"2021/12/31 04:11:35+00","2021/12/31 04:30:04+00","J0120211231T041135Z20211231T043004Zhotspots.txt",NA,"AFIMG","6",NA,367,109.8,9,"2021/12/31 04:18:42+00",6993,"VIC",141.0236,-37.1973,2021-12-31,2021-12-31 04:18:42,"2021-2022"
"114",16195,46084054,"NOAA 20","2017-073A","NOAA","VIIRS",21335,"2021/12/31 04:11:35+00","2021/12/31 04:30:04+00","J0120211231T041135Z20211231T043004Zhotspots.txt",NA,"AFIMG","6",NA,367,164.2,7,"2021/12/31 04:18:42+00",6993,"VIC",141.0556,-37.193,2021-12-31,2021-12-31 04:18:42,"2021-2022"
"115",16196,46084055,"NOAA 20","2017-073A","NOAA","VIIRS",21335,"2021/12/31 04:11:35+00","2021/12/31 04:30:04+00","J0120211231T041135Z20211231T043004Zhotspots.txt",NA,"AFIMG","6",NA,367,109.8,7,"2021/12/31 04:18:42+00",6993,"VIC",141.0282,-37.1967,2021-12-31,2021-12-31 04:18:42,"2021-2022"
"116",16197,46084056,"NOAA 20","2017-073A","NOAA","VIIRS",21335,"2021/12/31 04:11:35+00","2021/12/31 04:30:04+00","J0120211231T041135Z20211231T043004Zhotspots.txt",NA,"AFIMG","6",NA,367,197.6,9,"2021/12/31 04:18:42+00",6993,"VIC",141.0503,-37.1902,2021-12-31,2021-12-31 04:18:42,"2021-2022"
"117",16198,46084074,"NOAA 20","2017-073A","NOAA","VIIRS",21335,"2021/12/31 04:11:35+00","2021/12/31 04:30:04+00","J0120211231T041135Z20211231T043004Zhotspots.txt",NA,"AFIMG","6",NA,367,110.5,9,"2021/12/31 04:18:42+00",6993,"VIC",141.0351,-37.1852,2021-12-31,2021-12-31 04:18:42,"2021-2022"
"118",16199,46084081,"NOAA 20","2017-073A","NOAA","VIIRS",21335,"2021/12/31 04:11:35+00","2021/12/31 04:30:04+00","J0120211231T041135Z20211231T043004Zhotspots.txt",NA,"AFIMG","6",NA,367,110.5,7,"2021/12/31 04:18:42+00",6993,"VIC",141.0305,-37.1859,2021-12-31,2021-12-31 04:18:42,"2021-2022"
"119",16200,46084082,"NOAA 20","2017-073A","NOAA","VIIRS",21335,"2021/12/31 04:11:35+00","2021/12/31 04:30:04+00","J0120211231T041135Z20211231T043004Zhotspots.txt",NA,"AFIMG","6",NA,367,110.5,9,"2021/12/31 04:18:42+00",6993,"VIC",141.0298,-37.1824,2021-12-31,2021-12-31 04:18:42,"2021-2022"
"120",16201,46084275,"NOAA 20","2017-073A","NOAA","VIIRS",21335,"2021/12/31 04:13:01+00","2021/12/31 04:30:04+00","J0120211231T041301Z20211231T043004Zhotspots.txt",NA,"AFMOD","6",NA,425.59,289.8,100,"2021/12/31 04:18:42+00",6993,"VIC",141.0642,-37.2005,2021-12-31,2021-12-31 04:18:42,"2021-2022"
"121",16202,46084276,"NOAA 20","2017-073A","NOAA","VIIRS",21335,"2021/12/31 04:13:01+00","2021/12/31 04:30:04+00","J0120211231T041301Z20211231T043004Zhotspots.txt",NA,"AFMOD","6",NA,444.72,420.6,100,"2021/12/31 04:18:42+00",6993,"VIC",141.0551,-37.2018,2021-12-31,2021-12-31 04:18:42,"2021-2022"
"122",16203,46084277,"NOAA 20","2017-073A","NOAA","VIIRS",21335,"2021/12/31 04:13:01+00","2021/12/31 04:30:04+00","J0120211231T041301Z20211231T043004Zhotspots.txt",NA,"AFMOD","6",NA,429.95,314.9,100,"2021/12/31 04:18:42+00",6993,"VIC",141.046,-37.203,2021-12-31,2021-12-31 04:18:42,"2021-2022"
"123",16204,46084278,"NOAA 20","2017-073A","NOAA","VIIRS",21335,"2021/12/31 04:13:01+00","2021/12/31 04:30:04+00","J0120211231T041301Z20211231T043004Zhotspots.txt",NA,"AFMOD","6",NA,404.17,178.3,100,"2021/12/31 04:18:42+00",6993,"VIC",141.0368,-37.2043,2021-12-31,2021-12-31 04:18:42,"2021-2022"
"124",16205,46084280,"NOAA 20","2017-073A","NOAA","VIIRS",21335,"2021/12/31 04:13:01+00","2021/12/31 04:30:04+00","J0120211231T041301Z20211231T043004Zhotspots.txt",NA,"AFMOD","6",NA,469.34,649.6,100,"2021/12/31 04:18:42+00",6993,"VIC",141.0537,-37.195,2021-12-31,2021-12-31 04:18:42,"2021-2022"
"125",16206,46084281,"NOAA 20","2017-073A","NOAA","VIIRS",21335,"2021/12/31 04:13:01+00","2021/12/31 04:30:04+00","J0120211231T041301Z20211231T043004Zhotspots.txt",NA,"AFMOD","6",NA,436.66,361.1,100,"2021/12/31 04:18:42+00",6993,"VIC",141.0445,-37.1962,2021-12-31,2021-12-31 04:18:42,"2021-2022"
"126",16207,46084282,"NOAA 20","2017-073A","NOAA","VIIRS",21335,"2021/12/31 04:13:01+00","2021/12/31 04:30:04+00","J0120211231T041301Z20211231T043004Zhotspots.txt",NA,"AFMOD","6",NA,482.58,804,100,"2021/12/31 04:18:42+00",6993,"VIC",141.0354,-37.1975,2021-12-31,2021-12-31 04:18:42,"2021-2022"
"127",16208,46084283,"NOAA 20","2017-073A","NOAA","VIIRS",21335,"2021/12/31 04:13:01+00","2021/12/31 04:30:04+00","J0120211231T041301Z20211231T043004Zhotspots.txt",NA,"AFMOD","6",NA,446.13,430.7,100,"2021/12/31 04:18:42+00",6993,"VIC",141.0262,-37.1987,2021-12-31,2021-12-31 04:18:42,"2021-2022"
"128",16209,46084285,"NOAA 20","2017-073A","NOAA","VIIRS",21335,"2021/12/31 04:13:01+00","2021/12/31 04:30:04+00","J0120211231T041301Z20211231T043004Zhotspots.txt",NA,"AFMOD","6",NA,406.83,191,100,"2021/12/31 04:18:42+00",6993,"VIC",141.0522,-37.1882,2021-12-31,2021-12-31 04:18:42,"2021-2022"
"129",16210,46084286,"NOAA 20","2017-073A","NOAA","VIIRS",21335,"2021/12/31 04:13:01+00","2021/12/31 04:30:04+00","J0120211231T041301Z20211231T043004Zhotspots.txt",NA,"AFMOD","6",NA,427.81,302.2,100,"2021/12/31 04:18:42+00",6993,"VIC",141.0431,-37.1894,2021-12-31,2021-12-31 04:18:42,"2021-2022"
"130",16211,46084287,"NOAA 20","2017-073A","NOAA","VIIRS",21335,"2021/12/31 04:13:01+00","2021/12/31 04:30:04+00","J0120211231T041301Z20211231T043004Zhotspots.txt",NA,"AFMOD","6",NA,426.92,296.5,100,"2021/12/31 04:18:42+00",6993,"VIC",141.0339,-37.1907,2021-12-31,2021-12-31 04:18:42,"2021-2022"
"131",16212,46084288,"NOAA 20","2017-073A","NOAA","VIIRS",21335,"2021/12/31 04:13:01+00","2021/12/31 04:30:04+00","J0120211231T041301Z20211231T043004Zhotspots.txt",NA,"AFMOD","6",NA,407.94,194.2,100,"2021/12/31 04:18:42+00",6993,"VIC",141.0248,-37.1919,2021-12-31,2021-12-31 04:18:42,"2021-2022"
"132",16213,46084292,"NOAA 20","2017-073A","NOAA","VIIRS",21335,"2021/12/31 04:13:01+00","2021/12/31 04:30:04+00","J0120211231T041301Z20211231T043004Zhotspots.txt",NA,"AFMOD","6",NA,431.4,327.4,100,"2021/12/31 04:18:42+00",6993,"VIC",141.0325,-37.1838,2021-12-31,2021-12-31 04:18:42,"2021-2022"
"133",16214,46084393,"SUOMI NPP","2011-061A","NASA/NOAA","VIIRS",52732,"2021/12/31 05:04:14+00","2021/12/31 05:19:52+00","Npp20211231T050414Z20211231T051952Zhotspots.txt",NA,"AFIMG","6",NA,367,462.8,7,"2021/12/31 05:09:55+00",6992,"VIC",141.1389,-37.1902,2021-12-31,2021-12-31 05:09:55,"2021-2022"
"134",16215,46084394,"SUOMI NPP","2011-061A","NASA/NOAA","VIIRS",52732,"2021/12/31 05:04:14+00","2021/12/31 05:19:52+00","Npp20211231T050414Z20211231T051952Zhotspots.txt",NA,"AFIMG","6",NA,367,477,7,"2021/12/31 05:09:55+00",6992,"VIC",141.1352,-37.1912,2021-12-31,2021-12-31 05:09:55,"2021-2022"
"135",16216,46084399,"AQUA","2002-022A","NASA","MODIS",NA,"2021/12/31 04:05:14+00","2021/12/31 04:21:33+00","Aqua20211231T040514Z20211231T042133Zhotspots.txt",NA,"Landgate MODIS daytime","6.2.1",NA,372.97,116.3,50,"2021/12/31 04:05:14+00",6993,"VIC",141.011,-37.191,2021-12-31,2021-12-31 04:05:14,"2021-2022"
"136",16217,46084400,"AQUA","2002-022A","NASA","MODIS",NA,"2021/12/31 04:05:14+00","2021/12/31 04:21:33+00","Aqua20211231T040514Z20211231T042133Zhotspots.txt",NA,"Landgate MODIS daytime","6.2.1",NA,372.97,116.4,50,"2021/12/31 04:05:14+00",6993,"VIC",141.021,-37.191,2021-12-31,2021-12-31 04:05:14,"2021-2022"
"137",16218,46084637,"SUOMI NPP","2011-061A","NASA/NOAA","VIIRS",52732,"2021/12/31 05:04:14+00","2021/12/31 05:17:01+00","Npp20211231T050414Z20211231T051701Zhotspots.txt",NA,"AFIMG","6",NA,367,103.3,9,"2021/12/31 05:09:55+00",6992,"VIC",141.1485,-37.2043,2021-12-31,2021-12-31 05:09:55,"2021-2022"
"138",16219,46084663,"SUOMI NPP","2011-061A","NASA/NOAA","VIIRS",52732,"2021/12/31 05:04:14+00","2021/12/31 05:17:01+00","Npp20211231T050414Z20211231T051701Zhotspots.txt",NA,"AFIMG","6",NA,355.61,103.3,8,"2021/12/31 05:09:55+00",6992,"VIC",141.1465,-37.1993,2021-12-31,2021-12-31 05:09:55,"2021-2022"
"139",16220,46084668,"SUOMI NPP","2011-061A","NASA/NOAA","VIIRS",52732,"2021/12/31 05:04:14+00","2021/12/31 05:17:01+00","Npp20211231T050414Z20211231T051701Zhotspots.txt",NA,"AFIMG","6",NA,367,103.3,7,"2021/12/31 05:09:55+00",6992,"VIC",141.1428,-37.2003,2021-12-31,2021-12-31 05:09:55,"2021-2022"
"140",16221,46084671,"SUOMI NPP","2011-061A","NASA/NOAA","VIIRS",52732,"2021/12/31 05:04:14+00","2021/12/31 05:17:01+00","Npp20211231T050414Z20211231T051701Zhotspots.txt",NA,"AFIMG","6",NA,367,477,9,"2021/12/31 05:09:55+00",6992,"VIC",141.1335,-37.1971,2021-12-31,2021-12-31 05:09:55,"2021-2022"
"141",16222,46084683,"SUOMI NPP","2011-061A","NASA/NOAA","VIIRS",52732,"2021/12/31 05:04:14+00","2021/12/31 05:17:01+00","Npp20211231T050414Z20211231T051701Zhotspots.txt",NA,"AFIMG","6",NA,355.98,462.8,8,"2021/12/31 05:09:55+00",6992,"VIC",141.1445,-37.1943,2021-12-31,2021-12-31 05:09:55,"2021-2022"
"142",16223,46084688,"SUOMI NPP","2011-061A","NASA/NOAA","VIIRS",52732,"2021/12/31 05:04:14+00","2021/12/31 05:17:01+00","Npp20211231T050414Z20211231T051701Zhotspots.txt",NA,"AFIMG","6",NA,367,462.8,7,"2021/12/31 05:09:55+00",6992,"VIC",141.1408,-37.1953,2021-12-31,2021-12-31 05:09:55,"2021-2022"
"143",16224,46084689,"SUOMI NPP","2011-061A","NASA/NOAA","VIIRS",52732,"2021/12/31 05:04:14+00","2021/12/31 05:17:01+00","Npp20211231T050414Z20211231T051701Zhotspots.txt",NA,"AFIMG","6",NA,367,477,7,"2021/12/31 05:09:55+00",6992,"VIC",141.1371,-37.1962,2021-12-31,2021-12-31 05:09:55,"2021-2022"
"144",16225,46084692,"SUOMI NPP","2011-061A","NASA/NOAA","VIIRS",52732,"2021/12/31 05:04:14+00","2021/12/31 05:17:01+00","Npp20211231T050414Z20211231T051701Zhotspots.txt",NA,"AFIMG","6",NA,367,462.8,9,"2021/12/31 05:09:55+00",6992,"VIC",141.1426,-37.1893,2021-12-31,2021-12-31 05:09:55,"2021-2022"
"145",16226,46084693,"SUOMI NPP","2011-061A","NASA/NOAA","VIIRS",52732,"2021/12/31 05:04:14+00","2021/12/31 05:17:01+00","Npp20211231T050414Z20211231T051701Zhotspots.txt",NA,"AFIMG","6",NA,367,477,9,"2021/12/31 05:09:55+00",6992,"VIC",141.1315,-37.1921,2021-12-31,2021-12-31 05:09:55,"2021-2022"
"146",16227,46084711,"SUOMI NPP","2011-061A","NASA/NOAA","VIIRS",52732,"2021/12/31 05:04:14+00","2021/12/31 05:17:01+00","Npp20211231T050414Z20211231T051701Zhotspots.txt",NA,"AFIMG","6",NA,367,462.8,7,"2021/12/31 05:09:55+00",6992,"VIC",141.1389,-37.1902,2021-12-31,2021-12-31 05:09:55,"2021-2022"
"147",16228,46084712,"SUOMI NPP","2011-061A","NASA/NOAA","VIIRS",52732,"2021/12/31 05:04:14+00","2021/12/31 05:17:01+00","Npp20211231T050414Z20211231T051701Zhotspots.txt",NA,"AFIMG","6",NA,367,477,7,"2021/12/31 05:09:55+00",6992,"VIC",141.1352,-37.1912,2021-12-31,2021-12-31 05:09:55,"2021-2022"
"148",16229,46084765,"SUOMI NPP","2011-061A","NASA/NOAA","VIIRS",52732,"2021/12/31 05:04:14+00","2021/12/31 05:17:01+00","Npp20211231T050414Z20211231T051701Zhotspots.txt",NA,"AFIMG","6",NA,367,289.4,9,"2021/12/31 05:09:55+00",6992,"VIC",141.1455,-37.193,2021-12-31,2021-12-31 05:09:55,"2021-2022"
"149",16230,46084766,"SUOMI NPP","2011-061A","NASA/NOAA","VIIRS",52732,"2021/12/31 05:04:14+00","2021/12/31 05:17:01+00","Npp20211231T050414Z20211231T051701Zhotspots.txt",NA,"AFIMG","6",NA,367,289.4,9,"2021/12/31 05:09:55+00",6992,"VIC",141.1418,-37.1939,2021-12-31,2021-12-31 05:09:55,"2021-2022"
"150",16231,46084782,"SUOMI NPP","2011-061A","NASA/NOAA","VIIRS",52732,"2021/12/31 05:04:14+00","2021/12/31 05:17:01+00","Npp20211231T050414Z20211231T051701Zhotspots.txt",NA,"AFIMG","6",NA,367,578.2,7,"2021/12/31 05:09:55+00",6992,"VIC",141.138,-37.1949,2021-12-31,2021-12-31 05:09:55,"2021-2022"
"151",16232,46084783,"SUOMI NPP","2011-061A","NASA/NOAA","VIIRS",52732,"2021/12/31 05:04:14+00","2021/12/31 05:17:01+00","Npp20211231T050414Z20211231T051701Zhotspots.txt",NA,"AFIMG","6",NA,367,578.2,7,"2021/12/31 05:09:55+00",6992,"VIC",141.1343,-37.1958,2021-12-31,2021-12-31 05:09:55,"2021-2022"
"152",16233,46084786,"SUOMI NPP","2011-061A","NASA/NOAA","VIIRS",52732,"2021/12/31 05:04:14+00","2021/12/31 05:17:01+00","Npp20211231T050414Z20211231T051701Zhotspots.txt",NA,"AFIMG","6",NA,367,289.4,9,"2021/12/31 05:09:55+00",6992,"VIC",141.1435,-37.188,2021-12-31,2021-12-31 05:09:55,"2021-2022"
"153",16234,46084787,"SUOMI NPP","2011-061A","NASA/NOAA","VIIRS",52732,"2021/12/31 05:04:14+00","2021/12/31 05:17:01+00","Npp20211231T050414Z20211231T051701Zhotspots.txt",NA,"AFIMG","6",NA,367,289.4,9,"2021/12/31 05:09:55+00",6992,"VIC",141.1398,-37.1889,2021-12-31,2021-12-31 05:09:55,"2021-2022"
"154",16235,46084788,"SUOMI NPP","2011-061A","NASA/NOAA","VIIRS",52732,"2021/12/31 05:04:14+00","2021/12/31 05:17:01+00","Npp20211231T050414Z20211231T051701Zhotspots.txt",NA,"AFIMG","6",NA,367,578.2,9,"2021/12/31 05:09:55+00",6992,"VIC",141.136,-37.1899,2021-12-31,2021-12-31 05:09:55,"2021-2022"
"155",16236,46084789,"SUOMI NPP","2011-061A","NASA/NOAA","VIIRS",52732,"2021/12/31 05:04:14+00","2021/12/31 05:17:01+00","Npp20211231T050414Z20211231T051701Zhotspots.txt",NA,"AFIMG","6",NA,367,578.2,9,"2021/12/31 05:09:55+00",6992,"VIC",141.1323,-37.1908,2021-12-31,2021-12-31 05:09:55,"2021-2022"
"156",16237,46085020,"SUOMI NPP","2011-061A","NASA/NOAA","VIIRS",52732,"2021/12/31 05:04:14+00","2021/12/31 05:17:01+00","Npp20211231T050414Z20211231T051701Zhotspots.txt",NA,"AFMOD","6",NA,390.37,161.9,100,"2021/12/31 05:09:55+00",6992,"VIC",141.153,-37.2004,2021-12-31,2021-12-31 05:09:55,"2021-2022"
"157",16238,46085021,"SUOMI NPP","2011-061A","NASA/NOAA","VIIRS",52732,"2021/12/31 05:04:14+00","2021/12/31 05:17:01+00","Npp20211231T050414Z20211231T051701Zhotspots.txt",NA,"AFMOD","6",NA,417.51,305.9,100,"2021/12/31 05:09:55+00",6992,"VIC",141.1457,-37.2023,2021-12-31,2021-12-31 05:09:55,"2021-2022"
"158",16239,46085022,"SUOMI NPP","2011-061A","NASA/NOAA","VIIRS",52732,"2021/12/31 05:04:14+00","2021/12/31 05:17:01+00","Npp20211231T050414Z20211231T051701Zhotspots.txt",NA,"AFMOD","6",NA,400.6,208,100,"2021/12/31 05:09:55+00",6992,"VIC",141.1383,-37.2042,2021-12-31,2021-12-31 05:09:55,"2021-2022"
"159",16240,46085031,"SUOMI NPP","2011-061A","NASA/NOAA","VIIRS",52732,"2021/12/31 05:04:14+00","2021/12/31 05:17:01+00","Npp20211231T050414Z20211231T051701Zhotspots.txt",NA,"AFMOD","6",NA,526.07,1844.7,100,"2021/12/31 05:09:55+00",6992,"VIC",141.1417,-37.1923,2021-12-31,2021-12-31 05:09:55,"2021-2022"
"160",16241,46085032,"SUOMI NPP","2011-061A","NASA/NOAA","VIIRS",52732,"2021/12/31 05:04:14+00","2021/12/31 05:17:01+00","Npp20211231T050414Z20211231T051701Zhotspots.txt",NA,"AFMOD","6",NA,528.55,1905,100,"2021/12/31 05:09:55+00",6992,"VIC",141.1343,-37.1942,2021-12-31,2021-12-31 05:09:55,"2021-2022"
"161",16242,46085033,"SUOMI NPP","2011-061A","NASA/NOAA","VIIRS",52732,"2021/12/31 05:04:14+00","2021/12/31 05:17:01+00","Npp20211231T050414Z20211231T051701Zhotspots.txt",NA,"AFMOD","6",NA,386.09,144.1,100,"2021/12/31 05:09:55+00",6992,"VIC",141.1269,-37.1961,2021-12-31,2021-12-31 05:09:55,"2021-2022"
"162",16243,46085034,"SUOMI NPP","2011-061A","NASA/NOAA","VIIRS",52732,"2021/12/31 05:04:14+00","2021/12/31 05:17:01+00","Npp20211231T050414Z20211231T051701Zhotspots.txt",NA,"AFMOD","6",NA,382.45,130.7,100,"2021/12/31 05:09:55+00",6992,"VIC",141.1195,-37.198,2021-12-31,2021-12-31 05:09:55,"2021-2022"
"163",16244,46085038,"SUOMI NPP","2011-061A","NASA/NOAA","VIIRS",52732,"2021/12/31 05:04:14+00","2021/12/31 05:17:01+00","Npp20211231T050414Z20211231T051701Zhotspots.txt",NA,"AFMOD","6",NA,394.03,177.2,100,"2021/12/31 05:09:55+00",6992,"VIC",141.0899,-37.2056,2021-12-31,2021-12-31 05:09:55,"2021-2022"
"164",16245,46085043,"SUOMI NPP","2011-061A","NASA/NOAA","VIIRS",52732,"2021/12/31 05:04:14+00","2021/12/31 05:17:01+00","Npp20211231T050414Z20211231T051701Zhotspots.txt",NA,"AFMOD","6",NA,375.58,107.8,75,"2021/12/31 05:09:55+00",6992,"VIC",141.123,-37.1861,2021-12-31,2021-12-31 05:09:55,"2021-2022"
"165",16246,46085051,"SUOMI NPP","2011-061A","NASA/NOAA","VIIRS",52732,"2021/12/31 05:04:14+00","2021/12/31 05:17:01+00","Npp20211231T050414Z20211231T051701Zhotspots.txt",NA,"AFMOD","6",NA,385.81,143,75,"2021/12/31 05:09:55+00",6992,"VIC",141.0639,-37.2013,2021-12-31,2021-12-31 05:09:55,"2021-2022"
"166",16247,46085052,"SUOMI NPP","2011-061A","NASA/NOAA","VIIRS",52732,"2021/12/31 05:04:14+00","2021/12/31 05:17:01+00","Npp20211231T050414Z20211231T051701Zhotspots.txt",NA,"AFMOD","6",NA,404.38,226,75,"2021/12/31 05:09:55+00",6992,"VIC",141.0565,-37.2032,2021-12-31,2021-12-31 05:09:55,"2021-2022"
"167",16248,46085053,"SUOMI NPP","2011-061A","NASA/NOAA","VIIRS",52732,"2021/12/31 05:04:14+00","2021/12/31 05:17:01+00","Npp20211231T050414Z20211231T051701Zhotspots.txt",NA,"AFMOD","6",NA,374.37,103.5,75,"2021/12/31 05:09:55+00",6992,"VIC",141.0492,-37.205,2021-12-31,2021-12-31 05:09:55,"2021-2022"
"168",16249,46085055,"SUOMI NPP","2011-061A","NASA/NOAA","VIIRS",52732,"2021/12/31 05:04:14+00","2021/12/31 05:17:01+00","Npp20211231T050414Z20211231T051701Zhotspots.txt",NA,"AFMOD","6",NA,492.16,1155.1,75,"2021/12/31 05:09:55+00",6992,"VIC",141.1426,-37.191,2021-12-31,2021-12-31 05:09:55,"2021-2022"
"169",16250,46085056,"SUOMI NPP","2011-061A","NASA/NOAA","VIIRS",52732,"2021/12/31 05:04:14+00","2021/12/31 05:17:01+00","Npp20211231T050414Z20211231T051701Zhotspots.txt",NA,"AFMOD","6",NA,544.03,2311.3,75,"2021/12/31 05:09:55+00",6992,"VIC",141.1352,-37.1928,2021-12-31,2021-12-31 05:09:55,"2021-2022"
"170",16251,46085057,"SUOMI NPP","2011-061A","NASA/NOAA","VIIRS",52732,"2021/12/31 05:04:14+00","2021/12/31 05:17:01+00","Npp20211231T050414Z20211231T051701Zhotspots.txt",NA,"AFMOD","6",NA,408.34,248.8,75,"2021/12/31 05:09:55+00",6992,"VIC",141.1278,-37.1947,2021-12-31,2021-12-31 05:09:55,"2021-2022"
"171",16252,46085058,"SUOMI NPP","2011-061A","NASA/NOAA","VIIRS",52732,"2021/12/31 05:04:14+00","2021/12/31 05:17:01+00","Npp20211231T050414Z20211231T051701Zhotspots.txt",NA,"AFMOD","6",NA,383.69,134.1,75,"2021/12/31 05:09:55+00",6992,"VIC",141.1204,-37.1965,2021-12-31,2021-12-31 05:09:55,"2021-2022"
"172",16253,46085062,"SUOMI NPP","2011-061A","NASA/NOAA","VIIRS",52732,"2021/12/31 05:04:14+00","2021/12/31 05:17:01+00","Npp20211231T050414Z20211231T051701Zhotspots.txt",NA,"AFMOD","6",NA,393.29,172.9,75,"2021/12/31 05:09:55+00",6992,"VIC",141.0906,-37.204,2021-12-31,2021-12-31 05:09:55,"2021-2022"
"173",16254,46085074,"SUOMI NPP","2011-061A","NASA/NOAA","VIIRS",52732,"2021/12/31 05:04:14+00","2021/12/31 05:17:01+00","Npp20211231T050414Z20211231T051701Zhotspots.txt",NA,"AFMOD","6",NA,377.4,112.3,100,"2021/12/31 05:09:55+00",6992,"VIC",141.0645,-37.1995,2021-12-31,2021-12-31 05:09:55,"2021-2022"
"174",16255,46085075,"SUOMI NPP","2011-061A","NASA/NOAA","VIIRS",52732,"2021/12/31 05:04:14+00","2021/12/31 05:17:01+00","Npp20211231T050414Z20211231T051701Zhotspots.txt",NA,"AFMOD","6",NA,411.15,262,100,"2021/12/31 05:09:55+00",6992,"VIC",141.0571,-37.2014,2021-12-31,2021-12-31 05:09:55,"2021-2022"
"175",16256,46085076,"SUOMI NPP","2011-061A","NASA/NOAA","VIIRS",52732,"2021/12/31 05:04:14+00","2021/12/31 05:17:01+00","Npp20211231T050414Z20211231T051701Zhotspots.txt",NA,"AFMOD","6",NA,385.88,140.1,100,"2021/12/31 05:09:55+00",6992,"VIC",141.0498,-37.2032,2021-12-31,2021-12-31 05:09:55,"2021-2022"
"176",16257,46085078,"SUOMI NPP","2011-061A","NASA/NOAA","VIIRS",52732,"2021/12/31 05:04:14+00","2021/12/31 05:17:01+00","Npp20211231T050414Z20211231T051701Zhotspots.txt",NA,"AFMOD","6",NA,383.42,133.9,100,"2021/12/31 05:09:55+00",6992,"VIC",141.1051,-37.1784,2021-12-31,2021-12-31 05:09:55,"2021-2022"
"177",16258,46085079,"SUOMI NPP","2011-061A","NASA/NOAA","VIIRS",52732,"2021/12/31 05:04:14+00","2021/12/31 05:17:01+00","Npp20211231T050414Z20211231T051701Zhotspots.txt",NA,"AFMOD","6",NA,388.95,154.9,100,"2021/12/31 05:09:55+00",6992,"VIC",141.0977,-37.1803,2021-12-31,2021-12-31 05:09:55,"2021-2022"
"178",16259,46085088,"SUOMI NPP","2011-061A","NASA/NOAA","VIIRS",52732,"2021/12/31 05:04:14+00","2021/12/31 05:17:01+00","Npp20211231T050414Z20211231T051701Zhotspots.txt",NA,"AFMOD","6",NA,377.25,106.5,100,"2021/12/31 05:09:55+00",6992,"VIC",141.0312,-37.1969,2021-12-31,2021-12-31 05:09:55,"2021-2022"
"179",16260,46085094,"SUOMI NPP","2011-061A","NASA/NOAA","VIIRS",52732,"2021/12/31 05:04:14+00","2021/12/31 05:17:01+00","Npp20211231T050414Z20211231T051701Zhotspots.txt",NA,"AFMOD","6",NA,399.23,199.9,100,"2021/12/31 05:09:55+00",6992,"VIC",141.0569,-37.1795,2021-12-31,2021-12-31 05:09:55,"2021-2022"
"180",16261,46085095,"SUOMI NPP","2011-061A","NASA/NOAA","VIIRS",52732,"2021/12/31 05:04:14+00","2021/12/31 05:17:01+00","Npp20211231T050414Z20211231T051701Zhotspots.txt",NA,"AFMOD","6",NA,390.09,159,100,"2021/12/31 05:09:55+00",6992,"VIC",141.0495,-37.1814,2021-12-31,2021-12-31 05:09:55,"2021-2022"
"181",16262,46085133,"SUOMI NPP","2011-061A","NASA/NOAA","VIIRS",52732,"2021/12/31 05:04:14+00","2021/12/31 05:19:52+00","Npp20211231T050414Z20211231T051952Zhotspots.txt",NA,"AFIMG","6",NA,367,289.4,9,"2021/12/31 05:09:55+00",6992,"VIC",141.1455,-37.193,2021-12-31,2021-12-31 05:09:55,"2021-2022"
"182",16263,46085134,"SUOMI NPP","2011-061A","NASA/NOAA","VIIRS",52732,"2021/12/31 05:04:14+00","2021/12/31 05:19:52+00","Npp20211231T050414Z20211231T051952Zhotspots.txt",NA,"AFIMG","6",NA,367,289.4,9,"2021/12/31 05:09:55+00",6992,"VIC",141.1418,-37.1939,2021-12-31,2021-12-31 05:09:55,"2021-2022"
"183",16264,46085244,"SUOMI NPP","2011-061A","NASA/NOAA","VIIRS",52732,"2021/12/31 05:04:14+00","2021/12/31 05:19:52+00","Npp20211231T050414Z20211231T051952Zhotspots.txt",NA,"AFIMG","6",NA,367,578.2,7,"2021/12/31 05:09:55+00",6992,"VIC",141.138,-37.1949,2021-12-31,2021-12-31 05:09:55,"2021-2022"
"184",16265,46085245,"SUOMI NPP","2011-061A","NASA/NOAA","VIIRS",52732,"2021/12/31 05:04:14+00","2021/12/31 05:19:52+00","Npp20211231T050414Z20211231T051952Zhotspots.txt",NA,"AFIMG","6",NA,367,578.2,7,"2021/12/31 05:09:55+00",6992,"VIC",141.1343,-37.1958,2021-12-31,2021-12-31 05:09:55,"2021-2022"
"185",16266,46085694,"SUOMI NPP","2011-061A","NASA/NOAA","VIIRS",52732,"2021/12/31 05:04:14+00","2021/12/31 05:19:52+00","Npp20211231T050414Z20211231T051952Zhotspots.txt",NA,"AFIMG","6",NA,367,103.3,9,"2021/12/31 05:09:55+00",6992,"VIC",141.1485,-37.2043,2021-12-31,2021-12-31 05:09:55,"2021-2022"
"186",16267,46085720,"SUOMI NPP","2011-061A","NASA/NOAA","VIIRS",52732,"2021/12/31 05:04:14+00","2021/12/31 05:19:52+00","Npp20211231T050414Z20211231T051952Zhotspots.txt",NA,"AFIMG","6",NA,355.61,103.3,8,"2021/12/31 05:09:55+00",6992,"VIC",141.1465,-37.1993,2021-12-31,2021-12-31 05:09:55,"2021-2022"
"187",16268,46085725,"SUOMI NPP","2011-061A","NASA/NOAA","VIIRS",52732,"2021/12/31 05:04:14+00","2021/12/31 05:19:52+00","Npp20211231T050414Z20211231T051952Zhotspots.txt",NA,"AFIMG","6",NA,367,103.3,7,"2021/12/31 05:09:55+00",6992,"VIC",141.1428,-37.2003,2021-12-31,2021-12-31 05:09:55,"2021-2022"
"188",16269,46085728,"SUOMI NPP","2011-061A","NASA/NOAA","VIIRS",52732,"2021/12/31 05:04:14+00","2021/12/31 05:19:52+00","Npp20211231T050414Z20211231T051952Zhotspots.txt",NA,"AFIMG","6",NA,367,477,9,"2021/12/31 05:09:55+00",6992,"VIC",141.1335,-37.1971,2021-12-31,2021-12-31 05:09:55,"2021-2022"
"189",16270,46085740,"SUOMI NPP","2011-061A","NASA/NOAA","VIIRS",52732,"2021/12/31 05:04:14+00","2021/12/31 05:19:52+00","Npp20211231T050414Z20211231T051952Zhotspots.txt",NA,"AFIMG","6",NA,355.98,462.8,8,"2021/12/31 05:09:55+00",6992,"VIC",141.1445,-37.1943,2021-12-31,2021-12-31 05:09:55,"2021-2022"
"190",16271,46085745,"SUOMI NPP","2011-061A","NASA/NOAA","VIIRS",52732,"2021/12/31 05:04:14+00","2021/12/31 05:19:52+00","Npp20211231T050414Z20211231T051952Zhotspots.txt",NA,"AFIMG","6",NA,367,462.8,7,"2021/12/31 05:09:55+00",6992,"VIC",141.1408,-37.1953,2021-12-31,2021-12-31 05:09:55,"2021-2022"
"191",16272,46085746,"SUOMI NPP","2011-061A","NASA/NOAA","VIIRS",52732,"2021/12/31 05:04:14+00","2021/12/31 05:19:52+00","Npp20211231T050414Z20211231T051952Zhotspots.txt",NA,"AFIMG","6",NA,367,477,7,"2021/12/31 05:09:55+00",6992,"VIC",141.1371,-37.1962,2021-12-31,2021-12-31 05:09:55,"2021-2022"
"192",16273,46085749,"SUOMI NPP","2011-061A","NASA/NOAA","VIIRS",52732,"2021/12/31 05:04:14+00","2021/12/31 05:19:52+00","Npp20211231T050414Z20211231T051952Zhotspots.txt",NA,"AFIMG","6",NA,367,462.8,9,"2021/12/31 05:09:55+00",6992,"VIC",141.1426,-37.1893,2021-12-31,2021-12-31 05:09:55,"2021-2022"
"193",16274,46085750,"SUOMI NPP","2011-061A","NASA/NOAA","VIIRS",52732,"2021/12/31 05:04:14+00","2021/12/31 05:19:52+00","Npp20211231T050414Z20211231T051952Zhotspots.txt",NA,"AFIMG","6",NA,367,477,9,"2021/12/31 05:09:55+00",6992,"VIC",141.1315,-37.1921,2021-12-31,2021-12-31 05:09:55,"2021-2022"
"194",16275,46085892,"SUOMI NPP","2011-061A","NASA/NOAA","VIIRS",52732,"2021/12/31 05:04:14+00","2021/12/31 05:19:52+00","Npp20211231T050414Z20211231T051952Zhotspots.txt",NA,"AFMOD","6",NA,390.37,161.9,100,"2021/12/31 05:09:55+00",6992,"VIC",141.153,-37.2004,2021-12-31,2021-12-31 05:09:55,"2021-2022"
"195",16276,46085893,"SUOMI NPP","2011-061A","NASA/NOAA","VIIRS",52732,"2021/12/31 05:04:14+00","2021/12/31 05:19:52+00","Npp20211231T050414Z20211231T051952Zhotspots.txt",NA,"AFMOD","6",NA,417.51,305.9,100,"2021/12/31 05:09:55+00",6992,"VIC",141.1457,-37.2023,2021-12-31,2021-12-31 05:09:55,"2021-2022"
"196",16277,46085894,"SUOMI NPP","2011-061A","NASA/NOAA","VIIRS",52732,"2021/12/31 05:04:14+00","2021/12/31 05:19:52+00","Npp20211231T050414Z20211231T051952Zhotspots.txt",NA,"AFMOD","6",NA,400.6,208,100,"2021/12/31 05:09:55+00",6992,"VIC",141.1383,-37.2042,2021-12-31,2021-12-31 05:09:55,"2021-2022"
"197",16278,46085903,"SUOMI NPP","2011-061A","NASA/NOAA","VIIRS",52732,"2021/12/31 05:04:14+00","2021/12/31 05:19:52+00","Npp20211231T050414Z20211231T051952Zhotspots.txt",NA,"AFMOD","6",NA,526.07,1844.7,100,"2021/12/31 05:09:55+00",6992,"VIC",141.1417,-37.1923,2021-12-31,2021-12-31 05:09:55,"2021-2022"
"198",16279,46085904,"SUOMI NPP","2011-061A","NASA/NOAA","VIIRS",52732,"2021/12/31 05:04:14+00","2021/12/31 05:19:52+00","Npp20211231T050414Z20211231T051952Zhotspots.txt",NA,"AFMOD","6",NA,528.55,1905,100,"2021/12/31 05:09:55+00",6992,"VIC",141.1343,-37.1942,2021-12-31,2021-12-31 05:09:55,"2021-2022"
"199",16280,46085905,"SUOMI NPP","2011-061A","NASA/NOAA","VIIRS",52732,"2021/12/31 05:04:14+00","2021/12/31 05:19:52+00","Npp20211231T050414Z20211231T051952Zhotspots.txt",NA,"AFMOD","6",NA,386.09,144.1,100,"2021/12/31 05:09:55+00",6992,"VIC",141.1269,-37.1961,2021-12-31,2021-12-31 05:09:55,"2021-2022"
"200",16281,46085906,"SUOMI NPP","2011-061A","NASA/NOAA","VIIRS",52732,"2021/12/31 05:04:14+00","2021/12/31 05:19:52+00","Npp20211231T050414Z20211231T051952Zhotspots.txt",NA,"AFMOD","6",NA,382.45,130.7,100,"2021/12/31 05:09:55+00",6992,"VIC",141.1195,-37.198,2021-12-31,2021-12-31 05:09:55,"2021-2022"
"201",16282,46085910,"SUOMI NPP","2011-061A","NASA/NOAA","VIIRS",52732,"2021/12/31 05:04:14+00","2021/12/31 05:19:52+00","Npp20211231T050414Z20211231T051952Zhotspots.txt",NA,"AFMOD","6",NA,394.03,177.2,100,"2021/12/31 05:09:55+00",6992,"VIC",141.0899,-37.2056,2021-12-31,2021-12-31 05:09:55,"2021-2022"
"202",16283,46085915,"SUOMI NPP","2011-061A","NASA/NOAA","VIIRS",52732,"2021/12/31 05:04:14+00","2021/12/31 05:19:52+00","Npp20211231T050414Z20211231T051952Zhotspots.txt",NA,"AFMOD","6",NA,375.58,107.8,75,"2021/12/31 05:09:55+00",6992,"VIC",141.123,-37.1861,2021-12-31,2021-12-31 05:09:55,"2021-2022"
"203",16284,46085923,"SUOMI NPP","2011-061A","NASA/NOAA","VIIRS",52732,"2021/12/31 05:04:14+00","2021/12/31 05:19:52+00","Npp20211231T050414Z20211231T051952Zhotspots.txt",NA,"AFMOD","6",NA,385.81,143,75,"2021/12/31 05:09:55+00",6992,"VIC",141.0639,-37.2013,2021-12-31,2021-12-31 05:09:55,"2021-2022"
"204",16285,46085924,"SUOMI NPP","2011-061A","NASA/NOAA","VIIRS",52732,"2021/12/31 05:04:14+00","2021/12/31 05:19:52+00","Npp20211231T050414Z20211231T051952Zhotspots.txt",NA,"AFMOD","6",NA,404.38,226,75,"2021/12/31 05:09:55+00",6992,"VIC",141.0565,-37.2032,2021-12-31,2021-12-31 05:09:55,"2021-2022"
"205",16286,46085925,"SUOMI NPP","2011-061A","NASA/NOAA","VIIRS",52732,"2021/12/31 05:04:14+00","2021/12/31 05:19:52+00","Npp20211231T050414Z20211231T051952Zhotspots.txt",NA,"AFMOD","6",NA,374.37,103.5,75,"2021/12/31 05:09:55+00",6992,"VIC",141.0492,-37.205,2021-12-31,2021-12-31 05:09:55,"2021-2022"
"206",16287,46085927,"SUOMI NPP","2011-061A","NASA/NOAA","VIIRS",52732,"2021/12/31 05:04:14+00","2021/12/31 05:19:52+00","Npp20211231T050414Z20211231T051952Zhotspots.txt",NA,"AFMOD","6",NA,492.16,1155.1,75,"2021/12/31 05:09:55+00",6992,"VIC",141.1426,-37.191,2021-12-31,2021-12-31 05:09:55,"2021-2022"
"207",16288,46085928,"SUOMI NPP","2011-061A","NASA/NOAA","VIIRS",52732,"2021/12/31 05:04:14+00","2021/12/31 05:19:52+00","Npp20211231T050414Z20211231T051952Zhotspots.txt",NA,"AFMOD","6",NA,544.03,2311.3,75,"2021/12/31 05:09:55+00",6992,"VIC",141.1352,-37.1928,2021-12-31,2021-12-31 05:09:55,"2021-2022"
"208",16289,46085929,"SUOMI NPP","2011-061A","NASA/NOAA","VIIRS",52732,"2021/12/31 05:04:14+00","2021/12/31 05:19:52+00","Npp20211231T050414Z20211231T051952Zhotspots.txt",NA,"AFMOD","6",NA,408.34,248.8,75,"2021/12/31 05:09:55+00",6992,"VIC",141.1278,-37.1947,2021-12-31,2021-12-31 05:09:55,"2021-2022"
"209",16290,46085930,"SUOMI NPP","2011-061A","NASA/NOAA","VIIRS",52732,"2021/12/31 05:04:14+00","2021/12/31 05:19:52+00","Npp20211231T050414Z20211231T051952Zhotspots.txt",NA,"AFMOD","6",NA,383.69,134.1,75,"2021/12/31 05:09:55+00",6992,"VIC",141.1204,-37.1965,2021-12-31,2021-12-31 05:09:55,"2021-2022"
"210",16291,46085934,"SUOMI NPP","2011-061A","NASA/NOAA","VIIRS",52732,"2021/12/31 05:04:14+00","2021/12/31 05:19:52+00","Npp20211231T050414Z20211231T051952Zhotspots.txt",NA,"AFMOD","6",NA,393.29,172.9,75,"2021/12/31 05:09:55+00",6992,"VIC",141.0906,-37.204,2021-12-31,2021-12-31 05:09:55,"2021-2022"
"211",16292,46085946,"SUOMI NPP","2011-061A","NASA/NOAA","VIIRS",52732,"2021/12/31 05:04:14+00","2021/12/31 05:19:52+00","Npp20211231T050414Z20211231T051952Zhotspots.txt",NA,"AFMOD","6",NA,377.4,112.3,100,"2021/12/31 05:09:55+00",6992,"VIC",141.0645,-37.1995,2021-12-31,2021-12-31 05:09:55,"2021-2022"
"212",16293,46085947,"SUOMI NPP","2011-061A","NASA/NOAA","VIIRS",52732,"2021/12/31 05:04:14+00","2021/12/31 05:19:52+00","Npp20211231T050414Z20211231T051952Zhotspots.txt",NA,"AFMOD","6",NA,411.15,262,100,"2021/12/31 05:09:55+00",6992,"VIC",141.0571,-37.2014,2021-12-31,2021-12-31 05:09:55,"2021-2022"
"213",16294,46085948,"SUOMI NPP","2011-061A","NASA/NOAA","VIIRS",52732,"2021/12/31 05:04:14+00","2021/12/31 05:19:52+00","Npp20211231T050414Z20211231T051952Zhotspots.txt",NA,"AFMOD","6",NA,385.88,140.1,100,"2021/12/31 05:09:55+00",6992,"VIC",141.0498,-37.2032,2021-12-31,2021-12-31 05:09:55,"2021-2022"
"214",16295,46085950,"SUOMI NPP","2011-061A","NASA/NOAA","VIIRS",52732,"2021/12/31 05:04:14+00","2021/12/31 05:19:52+00","Npp20211231T050414Z20211231T051952Zhotspots.txt",NA,"AFMOD","6",NA,383.42,133.9,100,"2021/12/31 05:09:55+00",6992,"VIC",141.1051,-37.1784,2021-12-31,2021-12-31 05:09:55,"2021-2022"
"215",16296,46085951,"SUOMI NPP","2011-061A","NASA/NOAA","VIIRS",52732,"2021/12/31 05:04:14+00","2021/12/31 05:19:52+00","Npp20211231T050414Z20211231T051952Zhotspots.txt",NA,"AFMOD","6",NA,388.95,154.9,100,"2021/12/31 05:09:55+00",6992,"VIC",141.0977,-37.1803,2021-12-31,2021-12-31 05:09:55,"2021-2022"
"216",16297,46085960,"SUOMI NPP","2011-061A","NASA/NOAA","VIIRS",52732,"2021/12/31 05:04:14+00","2021/12/31 05:19:52+00","Npp20211231T050414Z20211231T051952Zhotspots.txt",NA,"AFMOD","6",NA,377.25,106.5,100,"2021/12/31 05:09:55+00",6992,"VIC",141.0312,-37.1969,2021-12-31,2021-12-31 05:09:55,"2021-2022"
"217",16298,46085966,"SUOMI NPP","2011-061A","NASA/NOAA","VIIRS",52732,"2021/12/31 05:04:14+00","2021/12/31 05:19:52+00","Npp20211231T050414Z20211231T051952Zhotspots.txt",NA,"AFMOD","6",NA,399.23,199.9,100,"2021/12/31 05:09:55+00",6992,"VIC",141.0569,-37.1795,2021-12-31,2021-12-31 05:09:55,"2021-2022"
"218",16299,46085967,"SUOMI NPP","2011-061A","NASA/NOAA","VIIRS",52732,"2021/12/31 05:04:14+00","2021/12/31 05:19:52+00","Npp20211231T050414Z20211231T051952Zhotspots.txt",NA,"AFMOD","6",NA,390.09,159,100,"2021/12/31 05:09:55+00",6992,"VIC",141.0495,-37.1814,2021-12-31,2021-12-31 05:09:55,"2021-2022"
"219",16300,46086563,"SUOMI NPP","2011-061A","NASA/NOAA","VIIRS",52732,"2021/12/31 05:04:14+00","2021/12/31 05:25:32+00","Npp20211231T050414Z20211231T052532Zhotspots.txt",NA,"AFMOD","6",NA,390.37,161.9,100,"2021/12/31 05:09:55+00",6992,"VIC",141.153,-37.2004,2021-12-31,2021-12-31 05:09:55,"2021-2022"
"220",16301,46086564,"SUOMI NPP","2011-061A","NASA/NOAA","VIIRS",52732,"2021/12/31 05:04:14+00","2021/12/31 05:25:32+00","Npp20211231T050414Z20211231T052532Zhotspots.txt",NA,"AFMOD","6",NA,417.51,305.9,100,"2021/12/31 05:09:55+00",6992,"VIC",141.1457,-37.2023,2021-12-31,2021-12-31 05:09:55,"2021-2022"
"221",16302,46086565,"SUOMI NPP","2011-061A","NASA/NOAA","VIIRS",52732,"2021/12/31 05:04:14+00","2021/12/31 05:25:32+00","Npp20211231T050414Z20211231T052532Zhotspots.txt",NA,"AFMOD","6",NA,400.6,208,100,"2021/12/31 05:09:55+00",6992,"VIC",141.1383,-37.2042,2021-12-31,2021-12-31 05:09:55,"2021-2022"
"222",16303,46086574,"SUOMI NPP","2011-061A","NASA/NOAA","VIIRS",52732,"2021/12/31 05:04:14+00","2021/12/31 05:25:32+00","Npp20211231T050414Z20211231T052532Zhotspots.txt",NA,"AFMOD","6",NA,526.07,1844.7,100,"2021/12/31 05:09:55+00",6992,"VIC",141.1417,-37.1923,2021-12-31,2021-12-31 05:09:55,"2021-2022"
"223",16304,46086575,"SUOMI NPP","2011-061A","NASA/NOAA","VIIRS",52732,"2021/12/31 05:04:14+00","2021/12/31 05:25:32+00","Npp20211231T050414Z20211231T052532Zhotspots.txt",NA,"AFMOD","6",NA,528.55,1905,100,"2021/12/31 05:09:55+00",6992,"VIC",141.1343,-37.1942,2021-12-31,2021-12-31 05:09:55,"2021-2022"
"224",16305,46086576,"SUOMI NPP","2011-061A","NASA/NOAA","VIIRS",52732,"2021/12/31 05:04:14+00","2021/12/31 05:25:32+00","Npp20211231T050414Z20211231T052532Zhotspots.txt",NA,"AFMOD","6",NA,386.09,144.1,100,"2021/12/31 05:09:55+00",6992,"VIC",141.1269,-37.1961,2021-12-31,2021-12-31 05:09:55,"2021-2022"
"225",16306,46086577,"SUOMI NPP","2011-061A","NASA/NOAA","VIIRS",52732,"2021/12/31 05:04:14+00","2021/12/31 05:25:32+00","Npp20211231T050414Z20211231T052532Zhotspots.txt",NA,"AFMOD","6",NA,382.45,130.7,100,"2021/12/31 05:09:55+00",6992,"VIC",141.1195,-37.198,2021-12-31,2021-12-31 05:09:55,"2021-2022"
"226",16307,46086581,"SUOMI NPP","2011-061A","NASA/NOAA","VIIRS",52732,"2021/12/31 05:04:14+00","2021/12/31 05:25:32+00","Npp20211231T050414Z20211231T052532Zhotspots.txt",NA,"AFMOD","6",NA,394.03,177.2,100,"2021/12/31 05:09:55+00",6992,"VIC",141.0899,-37.2056,2021-12-31,2021-12-31 05:09:55,"2021-2022"
"227",16308,46086586,"SUOMI NPP","2011-061A","NASA/NOAA","VIIRS",52732,"2021/12/31 05:04:14+00","2021/12/31 05:25:32+00","Npp20211231T050414Z20211231T052532Zhotspots.txt",NA,"AFMOD","6",NA,375.58,107.8,75,"2021/12/31 05:09:55+00",6992,"VIC",141.123,-37.1861,2021-12-31,2021-12-31 05:09:55,"2021-2022"
"228",16309,46086594,"SUOMI NPP","2011-061A","NASA/NOAA","VIIRS",52732,"2021/12/31 05:04:14+00","2021/12/31 05:25:32+00","Npp20211231T050414Z20211231T052532Zhotspots.txt",NA,"AFMOD","6",NA,385.81,143,75,"2021/12/31 05:09:55+00",6992,"VIC",141.0639,-37.2013,2021-12-31,2021-12-31 05:09:55,"2021-2022"
"229",16310,46086595,"SUOMI NPP","2011-061A","NASA/NOAA","VIIRS",52732,"2021/12/31 05:04:14+00","2021/12/31 05:25:32+00","Npp20211231T050414Z20211231T052532Zhotspots.txt",NA,"AFMOD","6",NA,404.38,226,75,"2021/12/31 05:09:55+00",6992,"VIC",141.0565,-37.2032,2021-12-31,2021-12-31 05:09:55,"2021-2022"
"230",16311,46086596,"SUOMI NPP","2011-061A","NASA/NOAA","VIIRS",52732,"2021/12/31 05:04:14+00","2021/12/31 05:25:32+00","Npp20211231T050414Z20211231T052532Zhotspots.txt",NA,"AFMOD","6",NA,374.37,103.5,75,"2021/12/31 05:09:55+00",6992,"VIC",141.0492,-37.205,2021-12-31,2021-12-31 05:09:55,"2021-2022"
"231",16312,46086598,"SUOMI NPP","2011-061A","NASA/NOAA","VIIRS",52732,"2021/12/31 05:04:14+00","2021/12/31 05:25:32+00","Npp20211231T050414Z20211231T052532Zhotspots.txt",NA,"AFMOD","6",NA,492.16,1155.1,75,"2021/12/31 05:09:55+00",6992,"VIC",141.1426,-37.191,2021-12-31,2021-12-31 05:09:55,"2021-2022"
"232",16313,46086599,"SUOMI NPP","2011-061A","NASA/NOAA","VIIRS",52732,"2021/12/31 05:04:14+00","2021/12/31 05:25:32+00","Npp20211231T050414Z20211231T052532Zhotspots.txt",NA,"AFMOD","6",NA,544.03,2311.3,75,"2021/12/31 05:09:55+00",6992,"VIC",141.1352,-37.1928,2021-12-31,2021-12-31 05:09:55,"2021-2022"
"233",16314,46086600,"SUOMI NPP","2011-061A","NASA/NOAA","VIIRS",52732,"2021/12/31 05:04:14+00","2021/12/31 05:25:32+00","Npp20211231T050414Z20211231T052532Zhotspots.txt",NA,"AFMOD","6",NA,408.34,248.8,75,"2021/12/31 05:09:55+00",6992,"VIC",141.1278,-37.1947,2021-12-31,2021-12-31 05:09:55,"2021-2022"
"234",16315,46086601,"SUOMI NPP","2011-061A","NASA/NOAA","VIIRS",52732,"2021/12/31 05:04:14+00","2021/12/31 05:25:32+00","Npp20211231T050414Z20211231T052532Zhotspots.txt",NA,"AFMOD","6",NA,383.69,134.1,75,"2021/12/31 05:09:55+00",6992,"VIC",141.1204,-37.1965,2021-12-31,2021-12-31 05:09:55,"2021-2022"
"235",16316,46086605,"SUOMI NPP","2011-061A","NASA/NOAA","VIIRS",52732,"2021/12/31 05:04:14+00","2021/12/31 05:25:32+00","Npp20211231T050414Z20211231T052532Zhotspots.txt",NA,"AFMOD","6",NA,393.29,172.9,75,"2021/12/31 05:09:55+00",6992,"VIC",141.0906,-37.204,2021-12-31,2021-12-31 05:09:55,"2021-2022"
"236",16317,46086617,"SUOMI NPP","2011-061A","NASA/NOAA","VIIRS",52732,"2021/12/31 05:04:14+00","2021/12/31 05:25:32+00","Npp20211231T050414Z20211231T052532Zhotspots.txt",NA,"AFMOD","6",NA,377.4,112.3,100,"2021/12/31 05:09:55+00",6992,"VIC",141.0645,-37.1995,2021-12-31,2021-12-31 05:09:55,"2021-2022"
"237",16318,46086618,"SUOMI NPP","2011-061A","NASA/NOAA","VIIRS",52732,"2021/12/31 05:04:14+00","2021/12/31 05:25:32+00","Npp20211231T050414Z20211231T052532Zhotspots.txt",NA,"AFMOD","6",NA,411.15,262,100,"2021/12/31 05:09:55+00",6992,"VIC",141.0571,-37.2014,2021-12-31,2021-12-31 05:09:55,"2021-2022"
"238",16319,46086619,"SUOMI NPP","2011-061A","NASA/NOAA","VIIRS",52732,"2021/12/31 05:04:14+00","2021/12/31 05:25:32+00","Npp20211231T050414Z20211231T052532Zhotspots.txt",NA,"AFMOD","6",NA,385.88,140.1,100,"2021/12/31 05:09:55+00",6992,"VIC",141.0498,-37.2032,2021-12-31,2021-12-31 05:09:55,"2021-2022"
"239",16320,46086621,"SUOMI NPP","2011-061A","NASA/NOAA","VIIRS",52732,"2021/12/31 05:04:14+00","2021/12/31 05:25:32+00","Npp20211231T050414Z20211231T052532Zhotspots.txt",NA,"AFMOD","6",NA,383.42,133.9,100,"2021/12/31 05:09:55+00",6992,"VIC",141.1051,-37.1784,2021-12-31,2021-12-31 05:09:55,"2021-2022"
"240",16321,46086622,"SUOMI NPP","2011-061A","NASA/NOAA","VIIRS",52732,"2021/12/31 05:04:14+00","2021/12/31 05:25:32+00","Npp20211231T050414Z20211231T052532Zhotspots.txt",NA,"AFMOD","6",NA,388.95,154.9,100,"2021/12/31 05:09:55+00",6992,"VIC",141.0977,-37.1803,2021-12-31,2021-12-31 05:09:55,"2021-2022"
"241",16322,46086631,"SUOMI NPP","2011-061A","NASA/NOAA","VIIRS",52732,"2021/12/31 05:04:14+00","2021/12/31 05:25:32+00","Npp20211231T050414Z20211231T052532Zhotspots.txt",NA,"AFMOD","6",NA,377.25,106.5,100,"2021/12/31 05:09:55+00",6992,"VIC",141.0312,-37.1969,2021-12-31,2021-12-31 05:09:55,"2021-2022"
"242",16323,46086637,"SUOMI NPP","2011-061A","NASA/NOAA","VIIRS",52732,"2021/12/31 05:04:14+00","2021/12/31 05:25:32+00","Npp20211231T050414Z20211231T052532Zhotspots.txt",NA,"AFMOD","6",NA,399.23,199.9,100,"2021/12/31 05:09:55+00",6992,"VIC",141.0569,-37.1795,2021-12-31,2021-12-31 05:09:55,"2021-2022"
"243",16324,46086638,"SUOMI NPP","2011-061A","NASA/NOAA","VIIRS",52732,"2021/12/31 05:04:14+00","2021/12/31 05:25:32+00","Npp20211231T050414Z20211231T052532Zhotspots.txt",NA,"AFMOD","6",NA,390.09,159,100,"2021/12/31 05:09:55+00",6992,"VIC",141.0495,-37.1814,2021-12-31,2021-12-31 05:09:55,"2021-2022"
"244",16325,46086706,"SUOMI NPP","2011-061A","NASA/NOAA","VIIRS",52732,"2021/12/31 05:04:14+00","2021/12/31 05:25:32+00","Npp20211231T050414Z20211231T052532Zhotspots.txt",NA,"AFIMG","6",NA,367,103.3,9,"2021/12/31 05:09:55+00",6992,"VIC",141.1485,-37.2043,2021-12-31,2021-12-31 05:09:55,"2021-2022"
"245",16326,46086732,"SUOMI NPP","2011-061A","NASA/NOAA","VIIRS",52732,"2021/12/31 05:04:14+00","2021/12/31 05:25:32+00","Npp20211231T050414Z20211231T052532Zhotspots.txt",NA,"AFIMG","6",NA,355.61,103.3,8,"2021/12/31 05:09:55+00",6992,"VIC",141.1465,-37.1993,2021-12-31,2021-12-31 05:09:55,"2021-2022"
"246",16327,46086737,"SUOMI NPP","2011-061A","NASA/NOAA","VIIRS",52732,"2021/12/31 05:04:14+00","2021/12/31 05:25:32+00","Npp20211231T050414Z20211231T052532Zhotspots.txt",NA,"AFIMG","6",NA,367,103.3,7,"2021/12/31 05:09:55+00",6992,"VIC",141.1428,-37.2003,2021-12-31,2021-12-31 05:09:55,"2021-2022"
"247",16328,46086740,"SUOMI NPP","2011-061A","NASA/NOAA","VIIRS",52732,"2021/12/31 05:04:14+00","2021/12/31 05:25:32+00","Npp20211231T050414Z20211231T052532Zhotspots.txt",NA,"AFIMG","6",NA,367,477,9,"2021/12/31 05:09:55+00",6992,"VIC",141.1335,-37.1971,2021-12-31,2021-12-31 05:09:55,"2021-2022"
"248",16329,46086752,"SUOMI NPP","2011-061A","NASA/NOAA","VIIRS",52732,"2021/12/31 05:04:14+00","2021/12/31 05:25:32+00","Npp20211231T050414Z20211231T052532Zhotspots.txt",NA,"AFIMG","6",NA,355.98,462.8,8,"2021/12/31 05:09:55+00",6992,"VIC",141.1445,-37.1943,2021-12-31,2021-12-31 05:09:55,"2021-2022"
"249",16330,46086757,"SUOMI NPP","2011-061A","NASA/NOAA","VIIRS",52732,"2021/12/31 05:04:14+00","2021/12/31 05:25:32+00","Npp20211231T050414Z20211231T052532Zhotspots.txt",NA,"AFIMG","6",NA,367,462.8,7,"2021/12/31 05:09:55+00",6992,"VIC",141.1408,-37.1953,2021-12-31,2021-12-31 05:09:55,"2021-2022"
"250",16331,46086758,"SUOMI NPP","2011-061A","NASA/NOAA","VIIRS",52732,"2021/12/31 05:04:14+00","2021/12/31 05:25:32+00","Npp20211231T050414Z20211231T052532Zhotspots.txt",NA,"AFIMG","6",NA,367,477,7,"2021/12/31 05:09:55+00",6992,"VIC",141.1371,-37.1962,2021-12-31,2021-12-31 05:09:55,"2021-2022"
"251",16332,46086761,"SUOMI NPP","2011-061A","NASA/NOAA","VIIRS",52732,"2021/12/31 05:04:14+00","2021/12/31 05:25:32+00","Npp20211231T050414Z20211231T052532Zhotspots.txt",NA,"AFIMG","6",NA,367,462.8,9,"2021/12/31 05:09:55+00",6992,"VIC",141.1426,-37.1893,2021-12-31,2021-12-31 05:09:55,"2021-2022"
"252",16333,46086762,"SUOMI NPP","2011-061A","NASA/NOAA","VIIRS",52732,"2021/12/31 05:04:14+00","2021/12/31 05:25:32+00","Npp20211231T050414Z20211231T052532Zhotspots.txt",NA,"AFIMG","6",NA,367,477,9,"2021/12/31 05:09:55+00",6992,"VIC",141.1315,-37.1921,2021-12-31,2021-12-31 05:09:55,"2021-2022"
"253",16334,46086780,"SUOMI NPP","2011-061A","NASA/NOAA","VIIRS",52732,"2021/12/31 05:04:14+00","2021/12/31 05:25:32+00","Npp20211231T050414Z20211231T052532Zhotspots.txt",NA,"AFIMG","6",NA,367,462.8,7,"2021/12/31 05:09:55+00",6992,"VIC",141.1389,-37.1902,2021-12-31,2021-12-31 05:09:55,"2021-2022"
"254",16335,46086781,"SUOMI NPP","2011-061A","NASA/NOAA","VIIRS",52732,"2021/12/31 05:04:14+00","2021/12/31 05:25:32+00","Npp20211231T050414Z20211231T052532Zhotspots.txt",NA,"AFIMG","6",NA,367,477,7,"2021/12/31 05:09:55+00",6992,"VIC",141.1352,-37.1912,2021-12-31,2021-12-31 05:09:55,"2021-2022"
"255",16336,46086834,"SUOMI NPP","2011-061A","NASA/NOAA","VIIRS",52732,"2021/12/31 05:04:14+00","2021/12/31 05:25:32+00","Npp20211231T050414Z20211231T052532Zhotspots.txt",NA,"AFIMG","6",NA,367,289.4,9,"2021/12/31 05:09:55+00",6992,"VIC",141.1455,-37.193,2021-12-31,2021-12-31 05:09:55,"2021-2022"
"256",16337,46086835,"SUOMI NPP","2011-061A","NASA/NOAA","VIIRS",52732,"2021/12/31 05:04:14+00","2021/12/31 05:25:32+00","Npp20211231T050414Z20211231T052532Zhotspots.txt",NA,"AFIMG","6",NA,367,289.4,9,"2021/12/31 05:09:55+00",6992,"VIC",141.1418,-37.1939,2021-12-31,2021-12-31 05:09:55,"2021-2022"
"257",16338,46086851,"SUOMI NPP","2011-061A","NASA/NOAA","VIIRS",52732,"2021/12/31 05:04:14+00","2021/12/31 05:25:32+00","Npp20211231T050414Z20211231T052532Zhotspots.txt",NA,"AFIMG","6",NA,367,578.2,7,"2021/12/31 05:09:55+00",6992,"VIC",141.138,-37.1949,2021-12-31,2021-12-31 05:09:55,"2021-2022"
"258",16339,46086852,"SUOMI NPP","2011-061A","NASA/NOAA","VIIRS",52732,"2021/12/31 05:04:14+00","2021/12/31 05:25:32+00","Npp20211231T050414Z20211231T052532Zhotspots.txt",NA,"AFIMG","6",NA,367,578.2,7,"2021/12/31 05:09:55+00",6992,"VIC",141.1343,-37.1958,2021-12-31,2021-12-31 05:09:55,"2021-2022"
"259",16340,46086855,"SUOMI NPP","2011-061A","NASA/NOAA","VIIRS",52732,"2021/12/31 05:04:14+00","2021/12/31 05:25:32+00","Npp20211231T050414Z20211231T052532Zhotspots.txt",NA,"AFIMG","6",NA,367,289.4,9,"2021/12/31 05:09:55+00",6992,"VIC",141.1435,-37.188,2021-12-31,2021-12-31 05:09:55,"2021-2022"
"260",16341,46086856,"SUOMI NPP","2011-061A","NASA/NOAA","VIIRS",52732,"2021/12/31 05:04:14+00","2021/12/31 05:25:32+00","Npp20211231T050414Z20211231T052532Zhotspots.txt",NA,"AFIMG","6",NA,367,289.4,9,"2021/12/31 05:09:55+00",6992,"VIC",141.1398,-37.1889,2021-12-31,2021-12-31 05:09:55,"2021-2022"
"261",16342,46086857,"SUOMI NPP","2011-061A","NASA/NOAA","VIIRS",52732,"2021/12/31 05:04:14+00","2021/12/31 05:25:32+00","Npp20211231T050414Z20211231T052532Zhotspots.txt",NA,"AFIMG","6",NA,367,578.2,9,"2021/12/31 05:09:55+00",6992,"VIC",141.136,-37.1899,2021-12-31,2021-12-31 05:09:55,"2021-2022"
"262",16343,46086858,"SUOMI NPP","2011-061A","NASA/NOAA","VIIRS",52732,"2021/12/31 05:04:14+00","2021/12/31 05:25:32+00","Npp20211231T050414Z20211231T052532Zhotspots.txt",NA,"AFIMG","6",NA,367,578.2,9,"2021/12/31 05:09:55+00",6992,"VIC",141.1323,-37.1908,2021-12-31,2021-12-31 05:09:55,"2021-2022"
"263",16344,46089114,"SUOMI NPP","2011-061A","NASA/NOAA","VIIRS",52738,"2021/12/31 14:44:36+00","2021/12/31 14:58:49+00","Npp20211231T144436Z20211231T145849Zhotspots.txt",NA,"AFMOD","6",NA,401.76,218.3,100,"2021/12/31 14:50:17+00",6983,"VIC",141.1475,-37.1409,2021-12-31,2021-12-31 14:50:17,"2021-2022"
"264",16345,46089118,"SUOMI NPP","2011-061A","NASA/NOAA","VIIRS",52738,"2021/12/31 14:44:36+00","2021/12/31 14:58:49+00","Npp20211231T144436Z20211231T145849Zhotspots.txt",NA,"AFMOD","6",NA,411.4,268.2,100,"2021/12/31 14:50:17+00",6983,"VIC",141.1455,-37.1426,2021-12-31,2021-12-31 14:50:17,"2021-2022"
"265",16346,46089119,"SUOMI NPP","2011-061A","NASA/NOAA","VIIRS",52738,"2021/12/31 14:44:36+00","2021/12/31 14:58:49+00","Npp20211231T144436Z20211231T145849Zhotspots.txt",NA,"AFMOD","6",NA,392.69,174.2,100,"2021/12/31 14:50:17+00",6983,"VIC",141.1528,-37.1445,2021-12-31,2021-12-31 14:50:17,"2021-2022"
"266",16347,46089123,"SUOMI NPP","2011-061A","NASA/NOAA","VIIRS",52738,"2021/12/31 14:44:36+00","2021/12/31 14:58:49+00","Npp20211231T144436Z20211231T145849Zhotspots.txt",NA,"AFMOD","6",NA,404.92,231.3,100,"2021/12/31 14:50:17+00",6983,"VIC",141.1415,-37.1525,2021-12-31,2021-12-31 14:50:17,"2021-2022"
"267",16348,46089128,"SUOMI NPP","2011-061A","NASA/NOAA","VIIRS",52738,"2021/12/31 14:44:36+00","2021/12/31 14:58:49+00","Npp20211231T144436Z20211231T145849Zhotspots.txt",NA,"AFMOD","6",NA,384.23,139.4,100,"2021/12/31 14:50:17+00",6983,"VIC",141.1448,-37.1643,2021-12-31,2021-12-31 14:50:17,"2021-2022"
"268",16349,46089568,"SUOMI NPP","2011-061A","NASA/NOAA","VIIRS",52738,"2021/12/31 14:43:10+00","2021/12/31 14:58:49+00","Npp20211231T144310Z20211231T145849Zhotspots.txt",NA,"AFMOD","6",NA,401.76,218.3,100,"2021/12/31 14:50:17+00",6983,"VIC",141.1475,-37.1409,2021-12-31,2021-12-31 14:50:17,"2021-2022"
"269",16350,46089572,"SUOMI NPP","2011-061A","NASA/NOAA","VIIRS",52738,"2021/12/31 14:43:10+00","2021/12/31 14:58:49+00","Npp20211231T144310Z20211231T145849Zhotspots.txt",NA,"AFMOD","6",NA,411.4,268.2,100,"2021/12/31 14:50:17+00",6983,"VIC",141.1455,-37.1426,2021-12-31,2021-12-31 14:50:17,"2021-2022"
"270",16351,46089573,"SUOMI NPP","2011-061A","NASA/NOAA","VIIRS",52738,"2021/12/31 14:43:10+00","2021/12/31 14:58:49+00","Npp20211231T144310Z20211231T145849Zhotspots.txt",NA,"AFMOD","6",NA,392.69,174.2,100,"2021/12/31 14:50:17+00",6983,"VIC",141.1528,-37.1445,2021-12-31,2021-12-31 14:50:17,"2021-2022"
"271",16352,46089577,"SUOMI NPP","2011-061A","NASA/NOAA","VIIRS",52738,"2021/12/31 14:43:10+00","2021/12/31 14:58:49+00","Npp20211231T144310Z20211231T145849Zhotspots.txt",NA,"AFMOD","6",NA,404.92,231.3,100,"2021/12/31 14:50:17+00",6983,"VIC",141.1415,-37.1525,2021-12-31,2021-12-31 14:50:17,"2021-2022"
"272",16353,46089582,"SUOMI NPP","2011-061A","NASA/NOAA","VIIRS",52738,"2021/12/31 14:43:10+00","2021/12/31 14:58:49+00","Npp20211231T144310Z20211231T145849Zhotspots.txt",NA,"AFMOD","6",NA,384.23,139.4,100,"2021/12/31 14:50:17+00",6983,"VIC",141.1448,-37.1643,2021-12-31,2021-12-31 14:50:17,"2021-2022"
"273",16354,46089626,"AQUA","2002-022A","NASA","MODIS",-1,"2021/12/31 15:03:35+00","2021/12/31 15:20:00+00","Aqua20211231T150335Z20211231T152000Zhotspots.txt",NA,"MOD14","6.2.1",NA,376,410.7,100,"2021/12/31 15:15:09+00",6982,"VIC",141.154,-37.14,2021-12-31,2021-12-31 15:15:09,"2021-2022"
"274",16355,46089629,"AQUA","2002-022A","NASA","MODIS",-1,"2021/12/31 15:03:35+00","2021/12/31 15:20:00+00","Aqua20211231T150335Z20211231T152000Zhotspots.txt",NA,"MOD14","6.2.1",NA,373.4,376.1,100,"2021/12/31 15:15:10+00",6982,"VIC",141.15,-37.152,2021-12-31,2021-12-31 15:15:10,"2021-2022"
"275",16356,46089634,"AQUA","2002-022A","NASA","MODIS",-1,"2021/12/31 15:03:35+00","2021/12/31 15:20:00+00","Aqua20211231T150335Z20211231T152000Zhotspots.txt",NA,"MOD14","6.2.1",NA,359.5,247,100,"2021/12/31 15:15:10+00",6982,"VIC",141.145,-37.152,2021-12-31,2021-12-31 15:15:10,"2021-2022"
"276",16357,46104862,"NOAA 20","2017-073A","NOAA","VIIRS",21349,"2022/01/01 03:56:56+00","2022/01/01 04:11:09+00","J0120220101T035656Z20220101T041109Zhotspots.txt",NA,"AFIMG","6",NA,367,183.6,9,"2022/01/01 03:59:47+00",6970,"VIC",142.2993,-34.8035,2022-01-01,2022-01-01 03:59:47,"2021-2022"
"277",16358,46104863,"NOAA 20","2017-073A","NOAA","VIIRS",21349,"2022/01/01 03:56:56+00","2022/01/01 04:11:09+00","J0120220101T035656Z20220101T041109Zhotspots.txt",NA,"AFIMG","6",NA,367,183.6,7,"2022/01/01 03:59:47+00",6970,"VIC",142.3042,-34.7991,2022-01-01,2022-01-01 03:59:47,"2021-2022"
"278",16359,46104864,"NOAA 20","2017-073A","NOAA","VIIRS",21349,"2022/01/01 03:56:56+00","2022/01/01 04:11:09+00","J0120220101T035656Z20220101T041109Zhotspots.txt",NA,"AFIMG","6",NA,367,309.8,9,"2022/01/01 03:59:47+00",6970,"VIC",142.298,-34.8047,2022-01-01,2022-01-01 03:59:47,"2021-2022"
"279",16360,46104865,"NOAA 20","2017-073A","NOAA","VIIRS",21349,"2022/01/01 03:56:56+00","2022/01/01 04:11:09+00","J0120220101T035656Z20220101T041109Zhotspots.txt",NA,"AFIMG","6",NA,367,136.5,7,"2022/01/01 03:59:47+00",6970,"VIC",142.3029,-34.8002,2022-01-01,2022-01-01 03:59:47,"2021-2022"
"280",16361,46105022,"NOAA 20","2017-073A","NOAA","VIIRS",21349,"2022/01/01 03:56:56+00","2022/01/01 04:11:09+00","J0120220101T035656Z20220101T041109Zhotspots.txt",NA,"AFMOD","6",NA,419.52,357.8,87,"2022/01/01 03:59:47+00",6970,"VIC",142.3018,-34.8013,2022-01-01,2022-01-01 03:59:47,"2021-2022"
"281",16362,46105023,"NOAA 20","2017-073A","NOAA","VIIRS",21349,"2022/01/01 03:56:56+00","2022/01/01 04:11:09+00","J0120220101T035656Z20220101T041109Zhotspots.txt",NA,"AFMOD","6",NA,376.58,121.5,100,"2022/01/01 03:59:47+00",6970,"VIC",142.2906,-34.8025,2022-01-01,2022-01-01 03:59:47,"2021-2022"
"282",16363,46105024,"NOAA 20","2017-073A","NOAA","VIIRS",21349,"2022/01/01 03:56:56+00","2022/01/01 04:11:09+00","J0120220101T035656Z20220101T041109Zhotspots.txt",NA,"AFMOD","6",NA,378.7,128.5,87,"2022/01/01 03:59:47+00",6970,"VIC",142.306,-34.8018,2022-01-01,2022-01-01 03:59:47,"2021-2022"
"283",16364,46105025,"NOAA 20","2017-073A","NOAA","VIIRS",21349,"2022/01/01 03:56:56+00","2022/01/01 04:11:09+00","J0120220101T035656Z20220101T041109Zhotspots.txt",NA,"AFMOD","6",NA,411.7,299.9,100,"2022/01/01 03:59:47+00",6970,"VIC",142.2949,-34.8031,2022-01-01,2022-01-01 03:59:47,"2021-2022"
"284",16365,46105027,"NOAA 20","2017-073A","NOAA","VIIRS",21349,"2022/01/01 03:56:56+00","2022/01/01 04:11:09+00","J0120220101T035656Z20220101T041109Zhotspots.txt",NA,"AFMOD","6",NA,378.06,126.5,100,"2022/01/01 03:59:47+00",6970,"VIC",142.2936,-34.7955,2022-01-01,2022-01-01 03:59:47,"2021-2022"
"285",16366,46105683,"AQUA","2002-022A","NASA","MODIS",-1,"2022/01/01 04:51:20+00","2022/01/01 05:05:00+00","Aqua20220101T045120Z20220101T050500Zhotspots.txt",NA,"MOD14","6.2.1",NA,377.5,304.1,100,"2022/01/01 04:55:10+00",6969,"VIC",142.304,-34.807,2022-01-01,2022-01-01 04:55:10,"2021-2022"
"286",16367,46105684,"AQUA","2002-022A","NASA","MODIS",-1,"2022/01/01 04:51:20+00","2022/01/01 05:05:00+00","Aqua20220101T045120Z20220101T050500Zhotspots.txt",NA,"MOD14","6.2.1",NA,359.5,169.1,99,"2022/01/01 04:55:10+00",6969,"VIC",142.285,-34.81,2022-01-01,2022-01-01 04:55:10,"2021-2022"
"287",16368,46105685,"AQUA","2002-022A","NASA","MODIS",-1,"2022/01/01 04:51:20+00","2022/01/01 05:05:00+00","Aqua20220101T045120Z20220101T050500Zhotspots.txt",NA,"MOD14","6.2.1",NA,352.4,130.2,95,"2022/01/01 04:55:10+00",6969,"VIC",142.301,-34.795,2022-01-01,2022-01-01 04:55:10,"2021-2022"
"288",16369,46324083,"SUOMI NPP","2011-061A","NASA/NOAA","VIIRS",52888,"2022/01/11 04:56:39+00","2022/01/11 05:10:52+00","Npp20220111T045639Z20220111T051052Zhotspots.txt",NA,"AFMOD","6",NA,383.11,250.1,100,"2022/01/11 05:03:46+00",6728,"VIC",141.888,-36.5688,2022-01-11,2022-01-11 05:03:46,"2021-2022"
"289",16370,46324578,"SUOMI NPP","2011-061A","NASA/NOAA","VIIRS",52888,"2022/01/11 04:56:39+00","2022/01/11 05:10:52+00","Npp20220111T045639Z20220111T051052Zhotspots.txt",NA,"AFIMG","6",NA,367,125,9,"2022/01/11 05:03:46+00",6728,"VIC",141.8924,-36.5704,2022-01-11,2022-01-11 05:03:46,"2021-2022"
"290",16371,46324581,"SUOMI NPP","2011-061A","NASA/NOAA","VIIRS",52888,"2022/01/11 04:56:39+00","2022/01/11 05:10:52+00","Npp20220111T045639Z20220111T051052Zhotspots.txt",NA,"AFIMG","6",NA,367,125,7,"2022/01/11 05:03:46+00",6728,"VIC",141.8906,-36.5655,2022-01-11,2022-01-11 05:03:46,"2021-2022"
"291",16372,46328399,"SUOMI NPP","2011-061A","NASA/NOAA","VIIRS",52888,"2022/01/11 04:56:39+00","2022/01/11 05:12:17+00","Npp20220111T045639Z20220111T051217Zhotspots.txt",NA,"AFMOD","6",NA,383.11,250.1,100,"2022/01/11 05:03:46+00",6728,"VIC",141.888,-36.5688,2022-01-11,2022-01-11 05:03:46,"2021-2022"
"292",16373,46329002,"SUOMI NPP","2011-061A","NASA/NOAA","VIIRS",52888,"2022/01/11 04:56:39+00","2022/01/11 05:12:17+00","Npp20220111T045639Z20220111T051217Zhotspots.txt",NA,"AFIMG","6",NA,367,125,9,"2022/01/11 05:03:46+00",6728,"VIC",141.8924,-36.5704,2022-01-11,2022-01-11 05:03:46,"2021-2022"
"293",16374,46329005,"SUOMI NPP","2011-061A","NASA/NOAA","VIIRS",52888,"2022/01/11 04:56:39+00","2022/01/11 05:12:17+00","Npp20220111T045639Z20220111T051217Zhotspots.txt",NA,"AFIMG","6",NA,367,125,7,"2022/01/11 05:03:46+00",6728,"VIC",141.8906,-36.5655,2022-01-11,2022-01-11 05:03:46,"2021-2022"
"294",16375,46334812,"SUOMI NPP","2011-061A","NASA/NOAA","VIIRS",52888,"2022/01/11 04:56:39+00","2022/01/11 05:19:24+00","Npp20220111T045639Z20220111T051924Zhotspots.txt",NA,"AFMOD","6",NA,383.11,250.1,100,"2022/01/11 05:03:46+00",6728,"VIC",141.888,-36.5688,2022-01-11,2022-01-11 05:03:46,"2021-2022"
"295",16376,46335479,"SUOMI NPP","2011-061A","NASA/NOAA","VIIRS",52888,"2022/01/11 04:56:39+00","2022/01/11 05:19:24+00","Npp20220111T045639Z20220111T051924Zhotspots.txt",NA,"AFIMG","6",NA,367,125,9,"2022/01/11 05:03:46+00",6728,"VIC",141.8924,-36.5704,2022-01-11,2022-01-11 05:03:46,"2021-2022"
"296",16377,46335482,"SUOMI NPP","2011-061A","NASA/NOAA","VIIRS",52888,"2022/01/11 04:56:39+00","2022/01/11 05:19:24+00","Npp20220111T045639Z20220111T051924Zhotspots.txt",NA,"AFIMG","6",NA,367,125,7,"2022/01/11 05:03:46+00",6728,"VIC",141.8906,-36.5655,2022-01-11,2022-01-11 05:03:46,"2021-2022"
"297",16378,46412907,"SUOMI NPP","2011-061A","NASA/NOAA","VIIRS",52931,"2022/01/14 03:59:54+00","2022/01/14 04:14:05+00","Npp20220114T035954Z20220114T041405Zhotspots.txt",NA,"AFIMG","6",NA,367,158.4,9,"2022/01/14 04:08:24+00",6657,"VIC",142.0294,-34.3542,2022-01-14,2022-01-14 04:08:24,"2021-2022"
"298",16379,46413459,"SUOMI NPP","2011-061A","NASA/NOAA","VIIRS",52931,"2022/01/14 03:59:54+00","2022/01/14 04:21:12+00","Npp20220114T035954Z20220114T042112Zhotspots.txt",NA,"AFIMG","6",NA,367,158.4,9,"2022/01/14 04:08:24+00",6657,"VIC",142.0294,-34.3542,2022-01-14,2022-01-14 04:08:24,"2021-2022"
"299",16380,46446484,"AQUA","2002-022A","NASA","MODIS",-1,"2022/01/16 04:05:16+00","2022/01/16 04:20:00+00","Aqua20220116T040516Z20220116T042000Zhotspots.txt",NA,"MOD14","6.2.1",NA,383.1,251.1,100,"2022/01/16 04:11:50+00",6609,"VIC",142.334,-36.817,2022-01-16,2022-01-16 04:11:50,"2021-2022"
"300",16381,46446548,"AQUA","2002-022A","NASA","MODIS",NA,"2022/01/16 04:05:16+00","2022/01/16 04:21:27+00","Aqua20220116T040516Z20220116T042127Zhotspots.txt",NA,"Landgate MODIS daytime","6.2.1",NA,382.07,148.5,50,"2022/01/16 04:05:16+00",6609,"VIC",142.331,-36.821,2022-01-16,2022-01-16 04:05:16,"2021-2022"
"301",16382,46446549,"AQUA","2002-022A","NASA","MODIS",NA,"2022/01/16 04:05:16+00","2022/01/16 04:21:27+00","Aqua20220116T040516Z20220116T042127Zhotspots.txt",NA,"Landgate MODIS daytime","6.2.1",NA,382.07,148.5,50,"2022/01/16 04:05:16+00",6609,"VIC",142.341,-36.821,2022-01-16,2022-01-16 04:05:16,"2021-2022"
"302",16383,46447160,"AQUA","2002-022A","NASA","MODIS",NA,"2022/01/16 04:05:16+00","2022/01/16 04:21:33+00","Aqua20220116T040516Z20220116T042133Zhotspots.txt",NA,"Landgate MODIS daytime","6.2.1",NA,382.07,148.5,50,"2022/01/16 04:05:16+00",6609,"VIC",142.331,-36.821,2022-01-16,2022-01-16 04:05:16,"2021-2022"
"303",16384,46447161,"AQUA","2002-022A","NASA","MODIS",NA,"2022/01/16 04:05:16+00","2022/01/16 04:21:33+00","Aqua20220116T040516Z20220116T042133Zhotspots.txt",NA,"Landgate MODIS daytime","6.2.1",NA,382.07,148.5,50,"2022/01/16 04:05:16+00",6609,"VIC",142.341,-36.821,2022-01-16,2022-01-16 04:05:16,"2021-2022"
"304",16385,46509204,"SUOMI NPP","2011-061A","NASA/NOAA","VIIRS",53029,"2022/01/21 03:32:41+00","2022/01/21 03:42:37+00","Npp20220121T033241Z20220121T034237Zhotspots.txt",NA,"AFMOD","6",NA,364.81,113.5,75,"2022/01/21 03:35:32+00",6490,"VIC",141.4444,-36.9342,2022-01-21,2022-01-21 03:35:32,"2021-2022"
"305",16386,46509206,"SUOMI NPP","2011-061A","NASA/NOAA","VIIRS",53029,"2022/01/21 03:32:41+00","2022/01/21 03:42:37+00","Npp20220121T033241Z20220121T034237Zhotspots.txt",NA,"AFMOD","6",NA,371.47,137.5,100,"2022/01/21 03:35:32+00",6490,"VIC",141.4464,-36.9335,2022-01-21,2022-01-21 03:35:32,"2021-2022"
"306",16387,46509273,"SUOMI NPP","2011-061A","NASA/NOAA","VIIRS",53029,"2022/01/21 03:32:41+00","2022/01/21 03:49:44+00","Npp20220121T033241Z20220121T034944Zhotspots.txt",NA,"AFMOD","6",NA,364.81,113.5,75,"2022/01/21 03:35:32+00",6490,"VIC",141.4444,-36.9342,2022-01-21,2022-01-21 03:35:32,"2021-2022"
"307",16388,46509275,"SUOMI NPP","2011-061A","NASA/NOAA","VIIRS",53029,"2022/01/21 03:32:41+00","2022/01/21 03:49:44+00","Npp20220121T033241Z20220121T034944Zhotspots.txt",NA,"AFMOD","6",NA,371.47,137.5,100,"2022/01/21 03:35:32+00",6490,"VIC",141.4464,-36.9335,2022-01-21,2022-01-21 03:35:32,"2021-2022"
"308",16389,46509375,"AQUA","2002-022A","NASA","MODIS",-1,"2022/01/21 04:26:58+00","2022/01/21 04:40:00+00","Aqua20220121T042658Z20220121T044000Zhotspots.txt",NA,"MOD14","6.2.1",NA,387.8,174.5,100,"2022/01/21 04:30:10+00",6489,"VIC",141.427,-36.943,2022-01-21,2022-01-21 04:30:10,"2021-2022"
"309",16390,46509405,"NOAA 20","2017-073A","NOAA","VIIRS",21633,"2022/01/21 04:18:13+00","2022/01/21 04:33:50+00","J0120220121T041813Z20220121T043350Zhotspots.txt",NA,"AFIMG","6",NA,367,151.3,9,"2022/01/21 04:25:19+00",6489,"VIC",141.428,-36.9407,2022-01-21,2022-01-21 04:25:19,"2021-2022"
"310",16391,46509542,"NOAA 20","2017-073A","NOAA","VIIRS",21633,"2022/01/21 04:18:13+00","2022/01/21 04:33:50+00","J0120220121T041813Z20220121T043350Zhotspots.txt",NA,"AFMOD","6",NA,406.12,176.7,100,"2022/01/21 04:25:19+00",6489,"VIC",141.4341,-36.9381,2022-01-21,2022-01-21 04:25:19,"2021-2022"
"311",16392,46509543,"NOAA 20","2017-073A","NOAA","VIIRS",21633,"2022/01/21 04:18:13+00","2022/01/21 04:33:50+00","J0120220121T041813Z20220121T043350Zhotspots.txt",NA,"AFMOD","6",NA,399.09,149.6,100,"2022/01/21 04:25:19+00",6489,"VIC",141.4254,-36.9394,2022-01-21,2022-01-21 04:25:19,"2021-2022"
"312",16393,46509575,"AQUA","2002-022A","NASA","MODIS",NA,"2022/01/21 04:26:58+00","2022/01/21 04:42:49+00","Aqua20220121T042658Z20220121T044249Zhotspots.txt",NA,"Landgate MODIS daytime","6.2.1",NA,386.8,167.8,50,"2022/01/21 04:26:58+00",6489,"VIC",141.431,-36.941,2022-01-21,2022-01-21 04:26:58,"2021-2022"
"313",16394,46509672,"NOAA 20","2017-073A","NOAA","VIIRS",21633,"2022/01/21 04:18:13+00","2022/01/21 04:36:42+00","J0120220121T041813Z20220121T043642Zhotspots.txt",NA,"AFIMG","6",NA,367,151.3,9,"2022/01/21 04:25:19+00",6489,"VIC",141.428,-36.9407,2022-01-21,2022-01-21 04:25:19,"2021-2022"
"314",16395,46509810,"NOAA 20","2017-073A","NOAA","VIIRS",21633,"2022/01/21 04:18:13+00","2022/01/21 04:36:42+00","J0120220121T041813Z20220121T043642Zhotspots.txt",NA,"AFMOD","6",NA,406.12,176.7,100,"2022/01/21 04:25:19+00",6489,"VIC",141.4341,-36.9381,2022-01-21,2022-01-21 04:25:19,"2021-2022"
"315",16396,46509811,"NOAA 20","2017-073A","NOAA","VIIRS",21633,"2022/01/21 04:18:13+00","2022/01/21 04:36:42+00","J0120220121T041813Z20220121T043642Zhotspots.txt",NA,"AFMOD","6",NA,399.09,149.6,100,"2022/01/21 04:25:19+00",6489,"VIC",141.4254,-36.9394,2022-01-21,2022-01-21 04:25:19,"2021-2022"
"316",16397,46552844,"SUOMI NPP","2011-061A","NASA/NOAA","VIIRS",53115,"2022/01/27 04:56:53+00","2022/01/27 05:09:41+00","Npp20220127T045653Z20220127T050941Zhotspots.txt",NA,"AFIMG","6",NA,367,184.3,9,"2022/01/27 05:04:00+00",6368,"VIC",143.8247,-35.9757,2022-01-27,2022-01-27 05:04:00,"2021-2022"
"317",16398,46552845,"SUOMI NPP","2011-061A","NASA/NOAA","VIIRS",53115,"2022/01/27 04:56:53+00","2022/01/27 05:09:41+00","Npp20220127T045653Z20220127T050941Zhotspots.txt",NA,"AFIMG","6",NA,367,103.4,9,"2022/01/27 05:04:00+00",6368,"VIC",143.827,-35.9692,2022-01-27,2022-01-27 05:04:00,"2021-2022"
"318",16399,46552862,"SUOMI NPP","2011-061A","NASA/NOAA","VIIRS",53115,"2022/01/27 04:56:53+00","2022/01/27 05:09:41+00","Npp20220127T045653Z20220127T050941Zhotspots.txt",NA,"AFMOD","6",NA,364.16,103.1,100,"2022/01/27 05:04:00+00",6368,"VIC",143.8303,-35.9713,2022-01-27,2022-01-27 05:04:00,"2021-2022"
"319",16400,46552863,"SUOMI NPP","2011-061A","NASA/NOAA","VIIRS",53115,"2022/01/27 04:56:53+00","2022/01/27 05:09:41+00","Npp20220127T045653Z20220127T050941Zhotspots.txt",NA,"AFMOD","6",NA,384.22,184.5,100,"2022/01/27 05:04:00+00",6368,"VIC",143.8214,-35.9736,2022-01-27,2022-01-27 05:04:00,"2021-2022"
"320",16401,46552976,"SUOMI NPP","2011-061A","NASA/NOAA","VIIRS",53115,"2022/01/27 04:56:53+00","2022/01/27 05:18:11+00","Npp20220127T045653Z20220127T051811Zhotspots.txt",NA,"AFIMG","6",NA,367,184.3,9,"2022/01/27 05:04:00+00",6368,"VIC",143.8247,-35.9757,2022-01-27,2022-01-27 05:04:00,"2021-2022"
"321",16402,46552977,"SUOMI NPP","2011-061A","NASA/NOAA","VIIRS",53115,"2022/01/27 04:56:53+00","2022/01/27 05:18:11+00","Npp20220127T045653Z20220127T051811Zhotspots.txt",NA,"AFIMG","6",NA,367,103.4,9,"2022/01/27 05:04:00+00",6368,"VIC",143.827,-35.9692,2022-01-27,2022-01-27 05:04:00,"2021-2022"
"322",16403,46553076,"SUOMI NPP","2011-061A","NASA/NOAA","VIIRS",53115,"2022/01/27 04:56:53+00","2022/01/27 05:18:11+00","Npp20220127T045653Z20220127T051811Zhotspots.txt",NA,"AFMOD","6",NA,364.16,103.1,100,"2022/01/27 05:04:00+00",6368,"VIC",143.8303,-35.9713,2022-01-27,2022-01-27 05:04:00,"2021-2022"
"323",16404,46553077,"SUOMI NPP","2011-061A","NASA/NOAA","VIIRS",53115,"2022/01/27 04:56:53+00","2022/01/27 05:18:11+00","Npp20220127T045653Z20220127T051811Zhotspots.txt",NA,"AFMOD","6",NA,384.22,184.5,100,"2022/01/27 05:04:00+00",6368,"VIC",143.8214,-35.9736,2022-01-27,2022-01-27 05:04:00,"2021-2022"
"324",16405,46630582,"SUOMI NPP","2011-061A","NASA/NOAA","VIIRS",53271,"2022/02/07 04:50:43+00","2022/02/07 05:09:12+00","Npp20220207T045043Z20220207T050912Zhotspots.txt",NA,"AFMOD","6",NA,374.5,146.5,100,"2022/02/07 04:56:25+00",6105,"VIC",145.783,-36.3136,2022-02-07,2022-02-07 04:56:25,"2021-2022"
"325",16406,46630790,"SUOMI NPP","2011-061A","NASA/NOAA","VIIRS",53271,"2022/02/07 04:50:43+00","2022/02/07 05:12:03+00","Npp20220207T045043Z20220207T051203Zhotspots.txt",NA,"AFMOD","6",NA,374.5,146.5,100,"2022/02/07 04:56:25+00",6105,"VIC",145.783,-36.3136,2022-02-07,2022-02-07 04:56:25,"2021-2022"
"326",16407,46716434,"SUOMI NPP","2011-061A","NASA/NOAA","VIIRS",53442,"2022/02/19 04:25:40+00","2022/02/19 04:39:51+00","Npp20220219T042540Z20220219T043951Zhotspots.txt",NA,"AFIMG","6",NA,354.5,107.8,8,"2022/02/19 04:31:21+00",5817,"VIC",148.0733,-37.7428,2022-02-19,2022-02-19 04:31:21,"2021-2022"
"327",16408,46716496,"AQUA","2002-022A","NASA","MODIS",-1,"2022/02/19 03:52:34+00","2022/02/19 04:05:00+00","Aqua20220219T035234Z20220219T040500Zhotspots.txt",NA,"MOD14","6.2.1",NA,359.5,111.7,99,"2022/02/19 03:58:36+00",5818,"VIC",146.97,-38.449,2022-02-19,2022-02-19 03:58:36,"2021-2022"
"328",16409,46716637,"AQUA","2002-022A","NASA","MODIS",-1,"2022/02/19 03:52:34+00","2022/02/19 04:10:00+00","Aqua20220219T035234Z20220219T041000Zhotspots.txt",NA,"MOD14","6.2.1",NA,359.5,111.7,99,"2022/02/19 03:58:23+00",5818,"VIC",146.97,-38.449,2022-02-19,2022-02-19 03:58:23,"2021-2022"
"329",16410,46716713,"SUOMI NPP","2011-061A","NASA/NOAA","VIIRS",53442,"2022/02/19 04:25:40+00","2022/02/19 04:39:51+00","Npp20220219T042540Z20220219T043951Zhotspots.txt",NA,"AFMOD","6",NA,365.8,107.5,75,"2022/02/19 04:31:21+00",5817,"VIC",148.0713,-37.7456,2022-02-19,2022-02-19 04:31:21,"2021-2022"
"330",16411,46717390,"SUOMI NPP","2011-061A","NASA/NOAA","VIIRS",53442,"2022/02/19 04:25:40+00","2022/02/19 04:46:58+00","Npp20220219T042540Z20220219T044658Zhotspots.txt",NA,"AFMOD","6",NA,365.8,107.5,75,"2022/02/19 04:31:21+00",5817,"VIC",148.0713,-37.7456,2022-02-19,2022-02-19 04:31:21,"2021-2022"
"331",16412,46721098,"SUOMI NPP","2011-061A","NASA/NOAA","VIIRS",53442,"2022/02/19 04:25:40+00","2022/02/19 04:46:58+00","Npp20220219T042540Z20220219T044658Zhotspots.txt",NA,"AFIMG","6",NA,354.5,107.8,8,"2022/02/19 04:31:21+00",5817,"VIC",148.0733,-37.7428,2022-02-19,2022-02-19 04:31:21,"2021-2022"
"332",16413,46846316,"NOAA 20","2017-073A","NOAA","VIIRS",22172,"2022/02/28 04:06:08+00","2022/02/28 04:20:21+00","J0120220228T040608Z20220228T042021Zhotspots.txt",NA,"AFMOD","6",NA,430.09,316.4,100,"2022/02/28 04:13:15+00",5553,"VIC",143.51,-38.4603,2022-02-28,2022-02-28 04:13:15,"2021-2022"
"333",16414,46846319,"NOAA 20","2017-073A","NOAA","VIIRS",22172,"2022/02/28 04:06:08+00","2022/02/28 04:20:21+00","J0120220228T040608Z20220228T042021Zhotspots.txt",NA,"AFMOD","6",NA,416.39,239.1,94,"2022/02/28 04:13:15+00",5553,"VIC",143.5085,-38.4536,2022-02-28,2022-02-28 04:13:15,"2021-2022"
"334",16415,46846649,"NOAA 20","2017-073A","NOAA","VIIRS",22172,"2022/02/28 04:06:08+00","2022/02/28 04:24:36+00","J0120220228T040608Z20220228T042436Zhotspots.txt",NA,"AFMOD","6",NA,430.09,316.4,100,"2022/02/28 04:13:15+00",5553,"VIC",143.51,-38.4603,2022-02-28,2022-02-28 04:13:15,"2021-2022"
"335",16416,46846652,"NOAA 20","2017-073A","NOAA","VIIRS",22172,"2022/02/28 04:06:08+00","2022/02/28 04:24:36+00","J0120220228T040608Z20220228T042436Zhotspots.txt",NA,"AFMOD","6",NA,416.39,239.1,94,"2022/02/28 04:13:15+00",5553,"VIC",143.5085,-38.4536,2022-02-28,2022-02-28 04:13:15,"2021-2022"
